Income,Kidhome,Teenhome,Recency,MntFruits,MntMeatProducts,MntSweetProducts,NumWebVisitsMonth,AcceptedCmp1,AcceptedCmp2,Coupon
84835,0,0,0,104,379,189,1,0,0,1
57091,0,0,0,5,64,0,5,0,1,1
67267,0,1,0,11,59,2,2,0,0,0
32474,1,1,0,0,1,0,7,0,0,0
21474,1,0,0,16,24,0,7,0,0,1
71691,0,0,0,130,411,32,2,0,0,1
63564,0,0,0,80,252,34,6,0,0,1
44931,0,1,0,0,11,0,5,0,0,0
65324,0,1,0,0,102,32,4,0,0,0
65324,0,1,0,0,102,32,4,0,0,0
81044,0,0,0,26,535,98,1,0,0,0
62499,1,0,0,4,61,13,4,0,0,0
67786,0,0,0,82,441,20,1,0,0,1
26872,0,0,0,10,8,16,6,0,0,0
4428,0,1,0,4,12,4,1,0,0,0
54809,1,1,0,6,57,13,4,0,0,0
54809,1,1,0,6,57,13,4,0,0,1
32173,0,1,0,0,2,0,4,0,0,0
47823,0,1,0,1,5,1,8,0,0,0
30523,2,1,0,0,3,0,7,0,0,0
36634,0,1,0,9,76,3,7,0,0,0
43456,0,1,0,11,68,7,5,0,0,0
40662,1,0,0,2,23,4,4,0,0,0
49544,1,0,0,0,73,0,7,0,0,0
57731,0,1,0,21,300,8,6,0,0,0
33168,0,1,0,1,37,1,7,0,0,0
54450,1,1,0,0,171,19,8,0,0,0
54450,1,1,0,0,171,19,8,0,0,0
35340,1,1,1,0,12,1,5,0,0,0
73170,0,0,1,174,256,30,2,0,0,0
65808,1,1,1,7,80,7,6,0,0,0
79529,0,0,1,42,706,197,2,0,0,0
34578,2,1,1,0,1,0,6,0,0,0
46374,0,1,1,0,21,0,8,1,0,1
18351,0,0,1,12,9,14,7,0,0,0
95169,0,0,1,21,449,20,1,1,0,1
65370,0,0,1,22,112,89,1,0,0,0
39228,0,0,1,1,6,3,4,0,0,0
84865,0,0,1,16,349,16,4,1,1,1
61314,0,1,1,0,189,172,3,0,0,0
21359,1,0,1,2,17,1,8,0,0,1
66465,0,1,1,0,204,29,6,1,0,0
81698,0,0,1,45,115,160,5,1,0,1
39146,1,0,1,1,33,12,8,0,0,0
25959,1,1,1,2,12,5,6,0,0,1
64260,0,0,1,169,816,0,3,0,0,1
32300,1,0,1,3,6,5,8,0,0,0
74806,0,1,1,9,249,28,4,0,0,0
72967,0,1,1,35,179,0,5,0,0,1
48904,0,1,1,10,38,13,8,0,0,0
14796,1,0,1,3,8,4,9,0,0,1
66991,0,0,1,36,460,60,3,0,0,0
52195,2,1,2,0,4,0,8,0,0,0
90369,0,0,2,51,981,23,1,0,0,1
18393,1,0,2,10,13,0,8,0,0,0
47139,1,1,2,0,12,2,7,0,0,1
38576,0,1,2,0,7,0,7,0,0,0
61905,0,1,2,0,43,2,5,0,0,0
83715,0,0,2,8,407,35,0,0,0,0
60597,0,1,2,0,257,16,7,1,0,1
6560,0,0,2,11,26,3,17,0,0,0
48330,0,1,2,0,4,0,5,0,0,0
38236,1,1,2,0,18,0,7,0,0,0
22701,1,0,2,4,9,4,5,0,0,0
53367,1,1,2,7,140,3,7,0,0,1
34728,1,0,2,0,16,0,6,0,0,1
63915,0,2,2,7,115,0,5,0,0,0
82504,0,0,2,50,431,35,1,0,0,0
38578,1,1,2,4,22,3,8,0,0,1
38578,1,1,2,4,22,3,8,0,0,0
79174,0,0,2,37,518,92,2,1,0,1
81975,0,1,2,76,184,138,7,0,0,0
43263,0,1,2,6,61,10,5,0,0,0
27242,1,0,2,17,26,1,9,0,0,1
76445,1,0,2,107,309,80,6,0,0,0
75276,0,0,2,105,125,42,5,0,0,0
34213,1,1,2,4,28,3,9,0,0,1
72335,0,0,2,105,653,21,8,0,0,1
79143,0,0,2,37,780,167,3,0,0,0
27469,0,0,2,1,2,2,6,0,0,0
68695,0,0,3,81,356,50,2,0,0,0
68695,0,0,3,81,356,50,2,0,0,0
50388,0,1,3,6,37,3,7,1,0,1
77622,0,2,3,7,154,0,3,0,0,0
46102,2,1,3,0,1,0,7,0,0,0
31859,1,0,3,4,7,8,7,0,0,0
23830,0,0,3,8,6,8,7,0,0,0
24639,1,1,3,3,16,4,6,0,0,0
71604,0,0,3,53,528,75,4,0,0,1
27255,1,0,3,1,11,1,7,0,0,0
55375,0,1,3,11,57,28,2,0,0,0
77037,0,1,3,96,333,53,3,0,0,0
24163,1,1,3,1,7,1,4,0,0,0
69476,0,0,3,86,559,9,2,0,0,0
72063,0,1,3,32,348,32,2,0,0,0
58646,0,1,3,1,44,5,4,0,0,0
58646,0,1,3,1,44,5,4,0,0,0
47570,1,1,3,1,20,2,7,0,0,1
80011,0,1,3,76,536,178,4,0,0,0
54998,0,1,3,22,202,30,4,0,0,1
60200,0,1,3,19,132,6,6,0,0,0
63211,0,0,3,193,459,26,2,0,0,1
48432,0,1,3,3,50,3,8,0,0,1
48432,0,1,3,3,50,3,8,0,0,0
48432,0,1,3,3,50,3,8,0,0,1
62845,1,1,3,0,45,0,8,0,0,0
62845,1,1,3,0,45,0,8,0,0,1
65220,0,0,3,63,292,25,6,0,0,1
74214,0,0,3,83,547,99,5,0,0,0
96547,0,0,4,21,125,101,2,1,0,1
53863,0,1,4,4,30,4,7,0,0,0
50447,2,0,4,7,24,3,6,0,0,0
37716,0,1,4,1,41,2,7,0,0,0
45203,2,0,4,3,67,8,6,0,0,1
37368,1,0,4,2,11,2,6,0,0,0
67225,0,1,4,35,322,7,5,0,0,0
65104,0,1,4,0,232,20,7,0,0,1
65104,0,1,4,0,232,20,7,0,0,0
81698,0,0,4,28,520,123,1,0,0,1
70566,0,1,4,28,215,28,3,0,0,0
69096,0,1,4,49,159,82,4,0,0,0
71434,0,1,4,36,217,96,4,1,0,0
33039,1,0,4,8,12,8,5,0,0,0
33039,1,0,4,8,12,8,5,0,0,0
46610,0,0,4,10,30,10,6,0,0,0
49967,0,1,4,6,69,12,7,0,0,0
53359,1,1,4,4,30,6,7,0,0,0
49505,1,1,4,0,100,0,8,0,0,0
68657,0,0,4,34,471,68,7,0,0,0
72071,0,1,4,69,300,138,2,0,0,0
72071,0,1,4,69,300,138,2,0,0,0
59235,1,0,4,40,469,0,7,0,0,0
21994,0,1,4,0,6,1,5,0,0,0
21994,0,1,4,0,6,1,5,0,0,0
51381.5,2,1,4,42,192,37,9,0,0,0
69209,0,0,4,32,849,48,4,1,0,0
31928,1,0,5,4,24,2,7,0,0,0
74004,0,0,5,48,560,176,3,1,0,1
30390,0,0,5,12,12,1,6,0,0,0
21355,1,0,5,13,14,5,6,0,0,1
26304,1,0,5,1,5,0,7,0,0,0
85710,0,0,5,20,350,30,2,0,0,0
102692,0,0,5,148,444,172,2,1,1,1
58350,0,1,5,26,206,80,6,0,0,0
7500,1,1,5,5,4,4,6,0,0,0
18890,0,0,5,4,1,2,6,0,0,1
20425,1,0,5,12,5,16,7,0,0,0
20425,1,0,5,12,5,16,7,0,0,0
41437,1,1,5,0,2,0,7,0,0,0
49912,0,1,5,8,223,49,8,0,0,1
49912,0,1,5,8,223,49,8,0,0,1
79823,0,1,6,73,380,73,2,0,0,0
85683,0,0,6,17,311,69,1,1,1,1
47025,1,1,6,0,3,0,7,0,0,0
68397,0,1,6,80,466,13,3,0,0,0
38175,1,0,6,6,69,3,7,0,0,0
46423,1,1,6,0,16,0,7,0,0,0
46423,1,1,6,0,16,0,7,0,0,0
30560,1,0,6,1,5,5,7,0,0,0
30560,1,0,6,1,5,5,7,0,0,0
60152,0,1,6,83,300,58,3,0,0,0
29672,1,1,6,1,3,4,6,0,0,0
29672,1,1,6,1,3,4,6,0,0,0
70321,0,0,6,23,751,26,4,0,0,1
56181,0,1,6,103,69,44,4,0,0,0
24279,0,0,6,36,21,62,8,0,0,0
68462,0,0,6,64,785,128,1,0,0,0
55424,0,1,6,61,184,53,6,0,0,1
49094,0,1,6,0,38,8,6,0,0,0
59184,0,1,6,142,113,151,5,0,0,0
67430,0,0,6,97,291,133,6,0,0,0
30522,0,1,6,8,83,11,2,0,0,0
31878,0,1,7,4,5,5,3,0,0,0
83528,0,0,7,117,678,44,1,1,0,1
90300,0,0,7,134,786,134,1,0,0,0
68092,0,0,7,60,207,36,5,0,0,0
53761,1,1,7,0,76,7,5,0,0,0
52845,1,0,7,25,292,41,6,0,0,0
24027,1,0,7,7,11,0,8,0,0,0
7500,1,0,7,8,11,8,7,0,0,0
42586,1,1,7,2,56,0,8,0,0,1
42586,1,1,7,2,56,0,8,0,0,1
9722,1,0,7,17,16,16,8,0,0,1
86836,0,0,7,21,273,21,5,1,0,1
30467,1,0,8,3,8,5,7,0,0,0
54549,0,1,8,2,6,0,7,0,0,0
19444,1,0,8,0,23,2,7,0,0,1
69245,0,1,8,30,214,30,3,0,0,0
72968,0,0,8,37,592,37,3,1,0,1
48686,1,2,8,0,7,0,8,0,0,0
73687,0,0,8,153,503,13,2,1,0,1
82716,0,0,8,148,228,148,2,0,0,0
35523,1,0,8,5,22,5,7,0,0,0
60554,1,0,8,7,76,15,6,0,0,0
64090,0,1,8,58,161,51,5,0,0,1
61559,0,1,8,83,88,14,3,0,0,0
71670,0,0,8,16,128,0,6,0,1,1
67680,0,1,8,0,48,6,5,0,0,0
54386,0,1,8,21,64,21,3,0,0,0
64108,0,1,8,10,86,21,5,0,0,0
69702,0,1,8,9,240,19,4,0,0,0
47958,0,1,8,11,88,3,5,0,0,0
67716,0,1,8,142,217,9,5,0,0,0
34600,1,1,8,33,60,3,8,0,0,1
34600,1,1,8,33,60,3,8,0,0,1
48752,1,1,8,57,100,15,9,0,0,1
15716,1,0,8,5,30,7,8,0,0,0
46610,0,2,8,12,96,22,6,0,0,1
74985,0,0,8,51,898,0,2,0,0,0
45576,0,0,9,19,29,14,8,0,0,1
113734,0,0,9,2,3,262,1,0,0,0
57100,1,0,9,11,99,11,3,0,0,0
24434,2,0,9,2,8,0,7,0,0,0
37126,1,0,9,3,9,4,6,0,0,1
45160,1,1,9,2,5,0,7,0,0,0
33178,1,0,9,6,2,2,4,0,0,0
64866,0,1,9,5,21,5,5,0,0,0
34176,0,1,9,2,7,2,3,0,0,0
50014,1,0,9,14,77,10,5,0,0,0
92344,0,0,9,24,694,19,1,0,0,0
55282,1,0,9,6,73,4,4,0,0,0
48799,0,1,9,18,81,6,3,0,0,0
84169,0,0,9,19,403,19,3,0,0,1
84169,0,0,9,19,403,19,3,0,0,1
39763,1,0,9,1,60,6,9,0,0,1
74165,0,0,9,12,240,12,2,0,0,0
42720,1,1,9,5,91,26,8,0,0,1
65275,0,0,9,14,218,14,2,0,0,0
36443,1,1,9,0,46,3,8,0,0,0
43776,1,1,9,2,71,2,8,0,0,1
56046,0,0,9,0,64,0,8,0,0,1
65148,0,1,9,35,422,12,4,0,0,0
49431,0,1,9,3,100,0,8,0,0,0
32583,1,1,10,0,3,0,7,0,0,0
16653,1,0,10,7,31,4,6,0,0,1
26850,1,1,10,1,13,2,4,0,0,0
51287,1,1,10,0,22,0,7,0,0,0
43050,1,0,10,5,24,3,5,0,0,0
73448,0,0,10,106,189,41,4,0,0,0
17256,1,0,10,4,14,8,8,0,0,0
86429,0,0,10,28,873,18,2,1,0,1
33569,1,0,10,2,18,0,8,0,0,1
25130,1,0,10,5,7,18,7,0,0,0
62998,0,1,10,58,73,89,5,0,0,0
26907,1,1,10,1,7,3,7,0,0,0
26907,1,1,10,1,7,3,7,0,0,0
45579,0,1,10,1,33,1,6,0,0,0
47320,0,1,10,19,111,15,6,0,0,0
70179,0,1,10,88,168,44,5,0,0,0
70179,0,1,10,88,168,44,5,0,0,0
28072,1,0,10,0,10,0,7,0,0,0
50501,1,1,10,0,38,0,6,0,0,1
58917,1,2,10,7,89,7,5,0,0,0
69372,0,0,10,26,269,13,4,0,0,1
35178,1,0,10,1,13,2,7,0,0,1
35178,1,0,10,1,13,2,7,0,0,1
75693,0,0,10,153,293,97,4,1,0,1
69109,0,0,10,25,459,29,4,0,0,1
69109,0,0,10,25,459,29,4,0,0,1
80134,0,0,11,26,282,26,5,1,1,0
64713,1,0,11,60,241,54,4,0,0,1
41411,0,0,11,32,38,3,6,0,0,0
51381.5,1,0,11,5,6,2,7,0,0,0
55521,1,2,11,0,26,0,7,0,0,1
43795,0,1,11,11,53,3,7,0,0,1
22070,1,0,11,7,19,2,6,0,0,0
36408,1,1,11,1,4,2,6,0,0,0
34026,1,1,11,6,15,8,5,0,0,0
34026,1,1,11,6,15,8,5,0,0,0
46049,1,1,11,9,112,14,7,0,0,1
35641,1,0,11,3,67,9,7,0,0,1
32414,0,0,11,6,5,9,7,0,0,0
59821,0,1,11,0,70,0,8,0,0,0
34968,1,0,11,6,45,2,7,0,0,0
56320,0,1,11,53,172,77,4,0,0,0
70091,1,0,11,34,137,0,8,0,0,0
46097,0,1,11,24,68,4,4,0,0,0
41003,0,0,11,133,142,44,6,0,0,0
44911,0,1,11,0,22,1,7,0,0,0
33249,1,0,11,10,21,14,6,0,0,0
33249,1,0,11,10,21,14,6,0,0,0
42873,1,1,11,0,40,2,8,0,0,0
51039,1,1,11,64,79,0,7,0,0,0
78952,0,1,11,19,594,76,6,0,0,0
29435,1,1,11,3,37,2,9,0,0,1
79865,0,1,12,99,278,121,1,0,0,0
34176,1,0,12,7,24,14,6,0,0,0
34176,1,0,12,7,24,14,6,0,0,0
65968,0,1,12,9,83,4,3,0,0,0
86424,0,0,12,68,569,45,1,0,0,0
67272,0,1,12,35,271,28,5,0,0,0
78499,0,0,12,72,170,36,4,0,0,1
77044,0,1,12,38,242,34,4,0,0,0
70515,0,0,12,0,452,64,2,0,0,1
17459,1,0,12,4,16,10,7,0,0,1
80336,0,0,12,19,456,142,1,0,0,0
15759,0,0,12,2,5,0,7,0,0,0
26326,0,0,12,0,5,3,3,0,0,0
62061,0,1,12,7,84,30,6,0,0,0
5305,0,1,12,4,7,3,13,0,0,0
75777,0,0,12,26,538,13,1,0,0,1
75777,0,0,12,26,538,13,1,0,0,1
71499,0,1,12,25,132,0,4,0,0,0
31626,1,0,12,1,9,1,7,0,0,1
42670,0,0,12,2,46,4,4,0,0,0
83917,0,0,12,22,732,198,3,0,0,1
41021,1,0,12,7,9,16,6,0,0,1
79456,0,0,12,42,548,83,3,0,0,1
78789,0,0,12,50,850,83,2,0,0,1
50870,0,1,13,0,8,0,5,0,0,0
35876,0,0,13,2,40,3,6,0,0,0
23539,0,0,13,24,11,1,6,0,0,0
32557,1,0,13,3,29,4,5,0,0,1
62466,0,1,13,129,259,121,4,0,0,0
62466,0,1,13,129,259,121,4,0,0,0
54198,1,1,13,0,28,2,4,0,0,0
82170,0,0,13,93,651,55,2,0,0,0
61798,0,0,13,4,89,8,4,0,0,0
15253,1,0,13,3,3,1,7,0,0,0
78285,0,0,13,107,391,67,3,0,0,0
62535,0,1,13,48,90,45,3,0,0,0
27190,1,0,13,6,7,1,8,0,0,1
48985,0,1,13,13,18,7,3,0,0,0
72940,0,0,13,74,298,149,1,0,0,0
36145,1,0,13,4,76,1,9,0,0,1
157146,0,0,13,0,1725,1,1,0,0,0
81843,0,0,13,86,537,69,3,0,0,0
41883,1,0,13,34,41,16,7,0,0,0
45759,1,1,13,1,18,0,7,0,0,0
45759,1,1,13,1,18,0,7,0,0,0
78394,0,0,13,27,697,24,2,0,0,1
30279,1,0,13,4,14,4,8,0,0,0
30279,1,0,13,4,14,4,8,0,0,0
31880,1,0,13,1,5,0,8,0,0,0
60208,1,1,13,23,71,0,7,0,0,1
78687,0,0,13,185,687,55,2,0,0,1
37401,1,0,14,3,19,1,7,0,0,0
37401,1,0,14,3,19,1,7,0,0,0
75315,0,1,14,15,171,23,2,0,0,0
69263,0,1,14,5,32,5,6,0,0,0
78569,0,0,14,79,622,175,1,0,0,1
57705,0,1,14,0,53,4,6,0,0,0
74805,0,1,14,162,209,162,2,0,0,0
66426,0,1,14,24,97,24,6,0,0,0
51529,0,1,14,4,35,0,8,0,0,0
18100,0,0,14,1,2,3,5,0,0,0
59601,0,1,14,7,69,7,8,0,0,0
20981,0,0,14,12,10,13,8,0,0,1
74068,0,0,14,30,537,76,2,0,0,0
36790,0,0,14,3,14,21,9,0,0,1
18793,1,0,14,16,20,17,8,0,0,0
27421,0,0,14,12,96,40,7,0,0,0
30675,1,0,14,2,16,2,8,0,0,0
83145,0,0,14,35,731,137,2,0,0,1
34053,0,1,14,0,21,0,8,0,0,0
31788,1,0,15,7,23,8,5,0,0,0
45894,0,2,15,2,7,2,5,0,0,0
41986,0,1,15,5,8,3,4,0,0,0
42769,0,1,15,0,13,1,4,0,0,0
58582,0,1,15,35,106,77,5,0,0,0
49096,1,1,15,1,32,1,7,0,0,0
76412,0,0,15,53,804,71,3,1,0,1
18929,0,0,15,0,8,4,6,0,0,0
18929,0,0,15,0,8,4,6,0,0,0
18929,0,0,15,0,8,4,6,0,0,0
21888,1,0,15,10,46,3,10,0,0,1
41580,1,1,15,5,24,0,5,0,0,0
31605,1,0,15,0,42,1,7,0,0,0
25509,1,0,15,3,30,7,9,0,0,1
25509,1,0,15,3,30,7,9,0,0,1
33051,0,0,15,71,243,94,9,0,0,1
28764,1,1,16,0,3,0,8,0,0,0
32146,1,0,16,3,23,7,6,0,0,0
22148,0,0,16,5,14,4,7,0,0,0
36781,1,0,16,1,17,3,8,0,0,1
54197,0,1,16,6,37,13,1,0,0,0
93790,0,0,16,68,731,114,2,1,0,1
24762,1,0,16,10,12,15,8,0,0,1
30477,1,0,16,1,6,0,6,0,0,0
11448,0,0,16,0,0,2,6,0,0,0
70844,1,1,16,26,67,67,7,0,0,0
30828,1,0,16,11,15,0,3,0,0,0
62513,0,1,16,42,98,42,6,0,0,0
27733,1,0,16,7,5,2,7,0,0,0
39435,1,0,16,0,18,0,7,0,0,0
75345,0,0,16,57,842,38,3,1,0,1
20491,0,0,16,4,5,2,7,0,0,0
36715,1,0,16,10,125,13,9,0,0,1
71706,0,1,16,56,253,98,5,0,0,0
69063,0,1,16,35,124,8,3,0,0,0
24645,1,0,16,3,4,1,8,0,0,0
35797,0,1,16,1,14,1,8,0,0,0
44078,1,1,17,1,10,0,5,0,0,0
26954,1,0,17,1,11,0,7,0,0,0
51381.5,1,0,17,1,13,0,7,0,0,0
38887,1,0,17,1,13,0,7,0,0,0
65463,1,0,17,32,70,32,5,0,0,0
53537,1,1,17,0,6,0,5,0,0,0
36230,1,0,17,2,30,2,5,0,0,0
80763,0,0,17,168,108,42,3,1,0,1
60585,1,1,17,42,309,42,5,0,0,1
49166,0,1,17,2,25,0,6,0,0,0
75261,0,0,17,17,413,34,2,0,0,1
89891,0,0,17,22,132,28,4,0,0,0
72828,0,1,17,0,235,14,7,0,0,0
75278,0,0,17,98,230,74,3,0,0,0
38557,1,0,17,3,31,4,7,0,0,0
81300,0,1,17,12,145,12,5,1,0,1
60161,0,1,17,44,212,8,8,0,0,0
69389,0,1,17,7,238,46,4,0,0,0
64497,0,1,17,48,320,32,8,0,0,1
61014,0,1,17,129,495,43,7,0,0,0
44319,1,1,18,0,8,0,5,0,0,0
53233,0,1,18,0,9,0,4,0,0,0
77972,0,0,18,22,319,102,1,0,0,0
81361,0,0,18,23,424,65,1,0,0,0
81361,0,0,18,23,424,65,1,0,0,1
25707,1,0,18,6,2,6,7,0,0,0
42403,1,0,18,1,11,5,8,0,0,0
65704,0,0,18,172,74,8,1,0,0,0
37406,1,0,18,0,8,2,8,0,0,1
39767,0,0,18,61,204,26,8,0,0,0
54210,0,1,18,54,109,9,5,0,0,0
57136,0,0,18,140,599,12,6,0,0,1
40794,0,1,18,23,73,23,7,0,0,0
83003,0,0,18,61,570,25,3,0,0,1
89058,0,0,18,194,106,22,2,0,0,0
20193,0,0,18,8,22,11,4,0,0,0
72099,0,0,18,91,410,0,1,0,0,0
43824,1,1,18,1,42,3,8,0,0,0
66653,1,1,18,18,102,18,3,0,0,0
44359,1,1,19,0,14,3,3,0,0,0
79410,0,0,19,80,483,13,1,0,0,0
55842,0,1,19,0,39,4,5,0,0,0
79946,0,0,19,183,565,141,3,0,0,0
88194,0,1,19,14,309,24,5,1,0,1
80184,0,0,19,134,670,38,3,1,0,0
76982,0,0,19,151,292,60,4,0,0,1
65295,0,0,19,32,117,110,2,0,0,0
57100,0,0,19,21,69,3,3,0,0,0
29009,1,0,19,6,15,5,6,0,0,0
78931,0,0,19,197,170,152,1,0,0,0
7500,1,0,19,1,10,2,5,0,0,0
56939,0,1,19,34,103,29,3,0,0,0
64509,0,0,19,185,575,25,4,0,0,1
30093,0,0,19,6,28,4,7,0,0,0
30351,1,0,19,0,24,3,9,0,0,1
30351,1,0,19,0,24,3,9,0,0,0
38201,0,1,19,0,23,0,8,0,0,0
51381.5,1,0,19,1,3,263,1,0,0,0
43974,1,0,19,0,101,0,7,0,0,0
38200,1,1,19,0,4,0,7,0,0,0
87305,0,0,19,25,501,138,2,0,0,1
16860,1,1,19,4,4,3,7,0,0,0
27213,1,0,19,3,26,9,8,0,0,1
7500,1,0,19,0,12,7,9,0,0,1
4861,0,0,20,1,1,0,14,0,0,0
38196,1,1,20,0,11,0,5,0,0,0
41145,1,1,20,0,3,0,3,0,0,0
38513,1,0,20,3,115,0,8,0,0,1
45688,0,1,20,0,18,0,4,0,0,0
77863,0,0,20,38,319,25,2,0,0,0
42169,1,1,20,0,9,0,8,0,0,0
45906,0,1,20,3,27,3,5,0,0,0
35388,1,0,20,4,7,3,7,0,0,0
80952,0,0,20,178,689,27,8,1,0,1
39898,0,1,20,8,26,7,7,0,0,0
39898,0,1,20,8,26,7,7,0,0,0
44051,1,1,20,7,58,3,6,0,0,1
86718,0,0,20,189,482,33,2,0,0,0
80141,0,0,20,102,673,40,6,0,0,1
58597,1,1,20,0,184,28,7,0,0,0
70356,0,0,20,16,249,16,6,0,0,0
46904,1,1,20,4,56,9,8,0,0,0
37760,0,0,20,5,38,12,7,0,0,0
37760,0,0,20,5,38,12,7,0,0,0
61839,0,0,20,155,379,17,8,0,0,0
29791,1,0,21,0,6,0,5,0,0,0
48918,1,1,21,0,9,0,4,0,0,0
48918,1,1,21,0,9,0,4,0,0,0
58692,0,1,21,11,61,7,7,0,0,0
39356,1,1,21,0,2,0,6,0,0,0
76234,0,1,21,50,167,0,3,0,0,0
55434,1,0,21,115,215,69,4,0,0,0
66835,0,0,21,26,195,17,2,0,0,0
66835,0,0,21,26,195,17,2,0,0,0
71965,0,1,21,19,286,38,3,0,0,0
74538,0,0,21,98,733,112,3,0,0,1
50002,0,1,21,5,71,16,7,0,0,0
53977,0,1,21,16,165,24,5,0,0,0
53977,0,1,21,16,165,24,5,0,0,0
69930,0,0,21,98,827,70,3,0,0,0
62981,0,0,21,14,590,44,3,0,0,0
46014,1,1,21,0,59,9,7,0,0,0
18227,1,0,21,2,7,3,8,0,0,0
65991,0,1,21,19,364,47,7,0,0,0
38808,1,0,21,17,52,19,8,0,0,1
160803,0,0,21,16,1622,3,0,0,0,0
43783,1,0,22,9,125,4,7,0,0,0
30396,1,0,22,0,6,1,7,0,0,1
65526,0,1,22,19,69,0,2,0,0,0
65526,0,1,22,19,69,0,2,0,0,0
55956,0,0,22,38,104,9,4,0,0,0
55563,0,1,22,1,9,0,3,0,0,0
57236,1,1,22,0,9,1,3,0,0,0
89694,1,1,22,28,211,28,5,1,0,0
57420,0,1,22,0,18,0,7,0,0,0
33622,1,1,22,1,22,4,7,0,0,0
29999,1,0,22,7,59,5,8,0,0,0
31497,0,1,22,1,28,1,8,0,0,0
31497,0,1,22,1,28,1,8,0,0,0
36802,1,0,23,1,2,0,5,0,0,0
61671,0,1,23,7,56,0,8,1,0,0
60182,0,1,23,0,5,0,4,0,0,0
29732,1,0,23,0,8,1,9,0,0,0
45921,0,0,23,9,49,3,4,0,0,0
16529,1,0,23,0,5,0,6,0,0,0
98777,0,0,23,19,711,115,1,0,0,0
98777,0,0,23,19,711,115,1,0,0,0
77027,0,1,23,57,242,0,4,0,0,0
69139,0,1,23,12,75,15,4,0,0,0
69139,0,1,23,12,75,15,4,0,0,0
65169,0,0,23,0,69,0,6,1,1,1
40049,0,1,23,6,7,3,6,0,0,0
69755,0,0,23,77,373,23,1,0,0,0
51381.5,0,1,23,0,27,0,6,0,0,0
54456,0,1,23,0,27,0,6,0,0,0
666666,1,0,23,14,18,1,6,0,0,0
60689,0,1,23,90,216,6,3,0,0,0
26487,1,0,23,8,10,14,5,0,0,0
28164,1,0,23,18,26,8,7,0,0,0
22585,0,0,23,9,15,2,9,0,0,1
64795,0,1,23,5,119,29,2,0,0,0
42000,0,0,23,83,267,59,5,0,0,1
42000,0,0,23,83,267,59,5,0,0,1
70713,0,1,23,114,279,76,3,0,0,0
82800,0,0,23,22,115,68,3,1,0,1
82800,0,0,23,22,115,68,3,1,0,1
30801,0,1,23,4,5,2,7,0,0,0
83891,0,1,24,38,350,85,1,0,0,0
38054,1,1,24,2,17,1,7,0,0,0
14045,1,0,24,0,5,1,7,0,0,0
44155,1,1,24,1,9,0,4,0,0,0
57642,0,1,24,6,58,0,4,0,0,0
31353,1,1,24,0,10,1,8,0,0,0
31353,1,1,24,0,10,1,8,0,0,1
41335,1,0,24,19,21,14,7,0,0,0
41335,1,0,24,19,21,14,7,0,0,0
40737,2,1,24,0,4,0,8,0,0,0
19789,1,0,24,5,9,6,5,0,0,0
35946,1,1,24,0,3,0,5,0,0,0
36262,0,0,24,39,54,28,6,0,0,1
44551,0,1,24,4,33,0,7,0,0,0
71367,0,0,24,23,389,21,2,0,0,0
71367,0,0,24,23,389,21,2,0,0,0
57957,0,1,24,59,177,5,3,0,0,0
50334,0,1,24,16,160,16,6,0,0,0
48150,0,1,24,2,39,2,7,0,0,0
56796,0,1,24,38,161,47,7,0,0,0
56796,0,1,24,38,161,47,7,0,0,0
52278,0,1,24,0,71,0,8,0,0,1
52278,0,1,24,0,71,0,8,0,0,0
7500,0,0,24,18,14,22,9,0,0,1
33444,1,1,24,0,8,0,8,0,0,0
20895,1,0,24,3,17,0,9,0,0,0
37509,1,0,24,5,56,8,7,0,0,0
88097,1,0,24,0,480,126,9,1,0,1
59041,1,1,25,2,15,2,5,0,0,0
43322,0,0,25,7,48,2,7,0,0,0
46015,1,1,25,0,2,0,7,0,1,0
46015,1,1,25,0,2,0,7,0,1,0
34242,0,1,25,2,4,0,5,0,0,0
65210,0,1,25,0,70,7,6,1,0,0
50520,0,1,25,0,6,1,6,0,0,0
90765,0,0,25,99,812,82,1,1,0,0
80589,0,0,25,93,520,40,1,1,0,1
49572,1,1,25,1,16,1,7,0,0,0
75437,0,0,25,0,545,58,6,1,0,0
44635,1,1,25,0,9,0,7,0,0,0
58512,0,1,25,10,101,0,8,0,0,0
62000,0,1,25,0,101,0,4,1,0,0
54252,1,1,25,4,26,4,6,0,0,0
45068,0,1,25,0,3,0,7,0,0,0
60474,0,1,25,199,303,9,7,0,0,0
60474,0,1,25,199,303,9,7,0,0,0
56337,1,1,25,16,144,5,8,1,0,1
22434,1,0,25,12,11,13,8,0,0,0
61416,0,0,25,154,323,61,6,0,0,0
92163,0,0,25,183,797,163,2,1,0,1
58656,0,1,25,12,194,24,6,0,0,0
51381.5,1,0,25,3,43,4,8,0,0,0
8940,1,0,25,45,3,6,8,0,0,0
26751,2,0,26,1,5,3,8,0,0,0
71427,2,0,26,123,177,64,4,0,0,0
26646,1,0,26,4,20,3,6,0,0,0
19346,1,0,26,0,9,6,8,0,0,0
56243,1,2,26,0,35,3,5,0,0,0
59892,0,1,26,0,13,1,3,0,0,0
71613,0,0,26,49,127,21,4,0,0,0
25252,1,0,26,3,4,2,8,0,0,0
42160,1,1,26,9,45,15,6,0,0,1
15862,1,0,26,1,4,9,8,0,0,0
82584,0,0,26,68,103,91,1,0,0,1
38360,1,0,26,2,42,21,3,0,0,0
75283,1,2,26,9,180,19,4,0,0,0
34941,1,1,26,2,25,3,8,0,0,0
61823,0,1,26,7,134,14,7,0,0,0
90226,0,0,26,108,649,151,2,1,0,0
44989,0,1,26,0,106,10,6,0,0,0
44989,0,1,26,0,106,10,6,0,0,0
43586,0,1,26,2,11,0,8,0,0,0
32233,1,0,26,15,35,11,9,0,0,1
62882,0,1,26,133,497,24,4,0,0,0
57288,0,1,27,0,21,0,6,0,0,0
75774,1,0,27,21,134,14,4,0,0,0
75774,1,0,27,21,134,14,4,0,0,0
90247,0,0,27,32,352,16,1,1,0,1
32218,0,0,27,24,15,1,7,0,0,1
84219,0,0,27,137,400,137,1,0,0,0
84219,0,0,27,137,400,137,1,0,0,0
48877,0,1,27,1,15,0,7,0,0,0
60905,0,1,27,17,76,17,2,0,0,0
75236,0,1,27,66,400,38,4,0,0,0
62551,0,0,27,16,98,21,3,0,0,0
70123,0,0,27,0,396,0,3,0,1,0
50785,1,1,27,1,21,1,6,0,0,0
15315,0,0,27,4,13,8,5,0,0,0
15315,0,0,27,4,13,8,5,0,0,0
64413,0,1,27,5,44,10,5,0,0,0
87171,0,0,27,44,107,44,2,0,0,0
30081,0,1,27,0,2,0,7,0,0,0
20180,0,0,27,42,24,20,7,0,0,0
20180,0,0,27,42,24,20,7,0,0,0
55686,0,1,27,0,199,47,4,0,0,0
26887,0,1,27,7,4,4,6,0,0,0
61996,0,1,27,12,144,0,5,1,1,1
51537,0,1,27,20,204,0,8,0,0,0
72025,0,0,27,33,549,133,3,0,0,0
30538,1,0,27,0,52,3,10,0,0,0
61618,0,0,27,91,399,45,3,0,0,0
77343,0,0,28,151,573,54,1,0,0,0
75433,1,0,28,0,297,34,6,1,0,0
82571,0,0,28,31,558,95,2,0,0,0
60033,0,1,28,1,57,11,2,0,0,0
39062,1,0,28,0,9,0,4,0,0,0
30023,1,0,28,0,16,6,8,0,0,0
30015,1,0,28,0,22,3,5,0,0,0
33228,1,0,28,2,31,4,7,0,0,0
22574,2,1,28,0,8,0,7,0,0,0
22574,2,1,28,0,8,0,7,0,0,0
55267,0,1,28,28,136,3,3,0,0,0
66886,0,1,28,4,62,31,5,0,0,0
72258,0,1,28,0,522,120,2,0,0,0
82733,0,0,28,50,420,38,4,0,0,1
45146,1,1,28,0,5,0,4,0,0,0
51250,1,0,28,32,230,32,9,0,0,0
32871,1,1,28,2,12,2,4,0,0,0
63855,0,0,28,35,314,116,4,0,0,0
42564,0,1,28,48,186,18,7,0,0,1
46344,0,1,28,20,57,20,7,0,0,0
50437,0,2,28,9,92,9,7,0,0,0
70971,0,1,28,17,572,125,7,0,0,1
37774,2,0,28,8,107,2,9,0,0,1
4023,1,1,29,0,1,1,19,0,0,0
33279,0,0,29,3,3,0,3,0,0,0
42693,1,0,29,4,20,3,5,0,0,0
70545,0,1,29,39,63,18,2,0,0,0
65486,0,1,29,19,125,67,2,0,0,0
77882,0,0,29,129,396,22,1,0,0,0
78468,0,0,29,22,388,22,4,1,0,0
77226,0,1,29,43,239,76,3,0,0,0
90638,0,0,29,120,915,144,1,0,0,0
90638,0,0,29,120,915,144,1,0,0,1
70666,0,0,29,40,367,122,4,0,0,0
59052,0,1,29,35,75,57,5,0,0,0
13084,0,0,29,0,7,7,6,0,0,0
49160,0,1,29,21,43,10,6,0,0,0
23272,0,0,29,3,6,2,4,0,0,0
49476,0,1,29,23,95,41,2,0,0,0
62694,1,1,29,6,157,91,7,0,0,0
57906,0,1,29,11,119,3,4,0,0,0
71853,0,0,29,108,413,97,1,0,0,0
71853,0,0,29,108,413,97,1,0,0,0
65031,0,1,29,107,291,37,7,0,0,0
30507,0,0,29,36,74,20,7,0,0,0
67419,0,1,29,84,352,56,5,0,0,0
59462,0,1,29,17,143,8,7,0,0,0
95529,0,0,29,29,890,27,3,0,0,1
53653,0,0,29,10,239,10,6,0,0,0
25965,0,0,29,2,11,7,8,0,0,0
22979,1,0,29,17,19,21,8,0,0,1
64950,0,1,29,0,72,0,7,0,0,0
44322,1,0,30,0,40,0,8,0,0,0
30096,1,0,30,3,11,5,6,0,0,0
30096,1,0,30,3,11,5,6,0,0,0
56628,0,1,30,5,82,17,5,0,0,0
82326,0,0,30,142,754,81,2,1,0,1
71163,0,0,30,17,372,106,1,0,0,0
71022,0,1,30,12,278,12,8,0,0,0
42607,0,1,30,29,56,32,3,0,0,0
43057,0,1,30,2,44,2,5,0,0,0
47808,0,1,30,1,26,0,7,0,0,0
29236,1,0,30,4,24,9,9,0,0,0
40590,1,1,30,0,50,11,6,0,0,0
40590,1,1,30,0,50,11,6,0,0,0
77520,0,1,30,44,396,88,4,1,0,1
40211,1,1,30,1,7,1,8,0,0,0
63516,1,1,30,11,114,14,5,0,0,0
53034,1,1,30,15,196,11,8,0,0,0
22669,1,0,30,14,36,22,9,0,0,1
79908,0,0,30,129,761,185,2,0,0,0
69867,0,0,30,0,512,130,1,1,0,1
70287,0,0,30,35,482,120,3,0,0,1
37070,1,1,30,7,137,15,7,0,0,1
37070,1,1,30,7,137,15,7,0,0,1
38179,1,1,30,4,22,2,7,0,0,0
39922,1,0,30,12,59,1,8,0,0,0
39922,1,0,30,12,59,1,8,0,0,0
39922,1,0,30,12,59,1,8,0,0,0
64191,0,1,30,15,186,38,3,0,0,0
41658,1,1,30,4,12,4,4,0,0,0
40780,0,1,30,27,71,3,9,0,0,0
77568,0,1,30,0,396,178,5,1,0,0
66503,1,0,30,64,128,3,3,0,0,0
83512,0,0,31,61,835,20,1,1,1,1
31686,1,1,31,0,5,0,6,0,0,0
71322,0,1,31,24,124,15,2,0,0,0
27938,1,0,31,0,8,1,3,0,0,0
22263,1,1,31,0,2,0,6,0,0,0
34633,2,1,31,1,5,0,6,0,0,0
42162,1,0,31,7,59,4,6,0,0,1
162397,1,1,31,1,16,1,1,0,0,0
54162,1,1,31,6,10,5,4,0,0,0
41769,0,1,31,29,131,0,8,0,0,0
44953,0,0,31,17,133,8,6,0,0,0
37717,1,0,31,0,6,1,9,0,0,0
37717,1,0,31,0,6,1,9,0,0,0
40548,0,1,31,0,5,0,5,0,0,0
67893,0,1,31,28,142,18,8,0,0,0
69267,0,0,31,44,499,73,7,0,0,1
9548,1,0,31,1,3,6,8,0,0,0
68281,0,0,31,112,417,48,5,0,0,1
92556,0,0,32,183,352,23,0,0,0,0
48526,1,0,32,17,23,20,3,0,0,0
90273,0,0,32,129,853,74,2,1,0,1
19414,1,0,32,3,12,5,8,0,0,0
79761,0,1,32,5,124,35,3,0,0,0
53312,0,0,32,0,12,0,7,0,0,0
41039,0,0,32,11,137,61,8,0,0,0
88347,0,0,32,178,555,138,1,1,0,0
50150,0,0,32,46,92,61,5,0,0,0
50150,0,0,32,46,92,61,5,0,0,0
10245,1,0,32,7,7,4,5,0,0,0
33454,1,0,32,10,56,1,8,0,0,0
40887,1,1,32,4,44,10,9,0,0,1
55914,0,1,32,60,364,101,7,0,0,0
37292,1,0,32,0,86,23,8,0,0,0
52914,0,1,32,10,44,10,7,0,0,0
24884,1,0,32,6,7,0,7,0,0,0
67384,0,1,32,40,175,53,5,0,0,0
51651,0,1,32,6,23,6,8,0,0,0
82497,0,0,32,129,573,21,4,0,0,0
32632,0,0,32,151,137,19,5,0,0,0
33562,1,2,33,12,12,3,4,0,0,0
79146,1,1,33,16,223,43,6,0,0,0
79146,1,1,33,16,223,43,6,0,0,0
36143,1,0,33,0,1,0,3,0,0,0
27159,1,1,33,0,3,0,6,0,0,0
41275,1,2,33,4,22,2,5,0,0,0
76800,0,0,33,26,255,71,1,0,0,0
75794,0,0,33,160,625,32,3,1,0,0
30833,1,1,33,0,7,1,5,0,0,0
26518,1,1,33,1,28,3,8,0,0,1
91065,0,0,33,114,108,137,3,1,0,1
45183,0,0,33,3,60,9,7,0,0,0
48070,0,1,33,14,83,9,7,0,0,0
30372,1,1,33,0,12,3,7,0,0,0
30372,1,1,33,0,12,3,7,0,0,0
57036,0,1,33,43,219,14,9,0,0,0
66731,0,1,33,159,194,106,3,0,0,0
35682,1,0,34,0,8,2,2,0,0,0
10979,0,0,34,4,10,2,5,0,0,0
10979,0,0,34,4,10,2,5,0,0,0
57912,0,1,34,0,80,0,5,0,0,0
36026,2,1,34,4,10,4,6,0,0,0
35788,1,1,34,2,11,1,6,0,0,0
42243,1,1,34,0,2,0,7,0,0,0
46086,0,1,34,8,32,2,4,0,0,0
61346,1,0,34,58,168,16,3,0,0,0
33316,1,1,34,1,31,4,6,0,0,0
33316,1,1,34,1,31,4,6,0,0,0
21063,1,0,34,10,11,3,6,0,0,0
33697,1,0,34,3,7,3,7,0,0,0
25804,1,0,34,7,9,6,8,0,0,0
72117,0,1,34,20,171,60,5,0,0,0
61286,0,1,34,0,107,9,5,0,0,0
61286,0,1,34,0,107,9,5,0,0,0
65196,0,2,34,19,181,0,5,0,0,0
55635,0,1,34,65,164,49,6,0,0,0
42021,1,0,34,5,136,5,9,0,0,0
75251,0,0,34,111,925,18,5,0,0,1
35322,1,2,34,9,37,7,8,0,0,0
53374,0,1,34,10,101,10,9,0,0,1
87195,0,0,35,76,690,26,1,0,0,1
42395,1,1,35,13,57,15,7,0,0,0
82427,0,0,35,147,509,107,1,0,0,0
44602,1,1,35,2,89,0,8,0,0,0
94642,0,0,35,143,797,143,1,1,0,0
28359,1,0,35,0,5,1,7,0,0,0
55801,1,1,35,4,51,4,7,1,0,0
92955,0,0,35,21,925,24,2,1,0,1
56534,0,1,35,7,61,0,8,0,1,1
69627,0,1,35,161,215,30,5,0,0,0
78579,0,0,35,66,549,66,3,0,0,1
44964,1,1,35,1,17,0,8,0,0,0
30899,1,0,35,0,8,0,6,0,0,0
78825,0,0,35,74,114,37,3,0,0,1
25545,1,0,35,1,64,12,6,0,0,1
47111,0,1,35,71,153,112,9,0,0,0
49667,0,0,35,26,120,13,8,0,0,1
66000,0,0,36,51,270,0,1,0,0,0
46910,1,1,36,0,14,0,6,0,0,0
25224,1,0,36,9,12,2,3,0,0,0
77382,0,1,36,48,231,105,1,0,0,0
28420,1,0,36,2,5,0,6,0,0,0
32952,1,0,36,0,12,1,7,0,0,0
46149,0,1,36,6,71,0,5,0,0,0
83532,0,0,36,144,562,64,1,0,0,0
73059,0,1,36,112,420,82,4,0,0,0
73059,0,1,36,112,420,82,4,0,0,0
35701,0,0,36,1,9,3,6,0,0,0
89616,0,0,36,47,655,111,2,0,0,1
105471,0,0,36,181,104,21,3,1,0,1
78427,0,0,36,19,595,26,3,1,0,1
22518,1,0,36,7,12,2,5,0,0,1
59809,0,2,36,16,141,41,8,0,0,0
39660,1,0,36,13,78,13,9,0,0,1
52203,0,0,36,21,238,108,6,0,0,0
35860,1,1,37,0,8,2,5,0,0,1
35860,1,1,37,0,8,2,5,0,0,0
35860,1,1,37,0,8,2,5,0,0,0
35860,1,1,37,0,8,2,5,0,0,1
76842,0,0,37,10,345,54,0,0,0,0
15033,0,0,37,4,5,0,3,0,0,0
67353,0,1,37,17,151,8,2,0,0,0
17003,1,0,37,5,12,8,5,0,0,0
65735,1,1,37,7,119,15,7,0,0,0
45684,1,0,37,1,5,0,7,0,0,0
21918,1,0,37,6,7,5,6,0,0,0
51267,1,1,37,2,64,2,4,0,0,0
59868,0,1,37,51,154,10,6,0,0,0
51373,0,0,37,2,101,26,4,0,0,0
46692,0,1,37,6,97,12,6,0,0,0
157733,1,0,37,1,9,0,1,0,0,0
54432,2,1,37,0,5,0,4,0,0,0
79607,0,0,37,133,951,0,1,0,0,1
51813,1,1,37,2,7,1,7,0,0,0
17487,1,0,37,0,1,4,7,0,0,0
40706,2,1,37,0,11,2,7,0,0,0
62859,0,1,37,89,102,12,6,0,0,0
61074,0,1,37,0,133,28,7,0,0,0
43638,0,1,37,10,83,19,7,0,0,0
58116,0,1,38,19,130,11,2,0,0,0
62187,0,1,38,0,83,0,4,0,0,0
46344,1,1,38,1,6,1,5,0,0,0
77353,0,1,38,59,107,101,4,0,0,0
69759,0,0,38,20,514,30,3,0,0,1
21846,1,0,38,17,18,10,8,0,0,0
76532,1,1,38,30,177,138,5,0,0,0
70053,0,1,38,53,98,179,5,0,0,0
75342,0,1,38,97,97,118,4,0,0,0
27590,1,0,38,0,5,0,7,0,0,0
51148,1,1,38,6,45,9,6,0,0,0
33378,1,1,38,6,40,7,7,0,0,0
32644,1,0,38,3,141,7,8,0,0,0
33581,2,0,38,0,5,0,8,0,0,0
12393,0,0,38,6,15,7,9,0,0,0
42710,1,0,38,3,42,3,6,0,0,0
82347,0,0,38,54,845,133,3,1,0,0
82347,0,0,38,54,845,133,3,1,0,1
22554,1,1,38,0,10,0,5,0,0,0
17323,0,0,38,14,17,1,8,0,0,0
62204,0,2,38,46,247,46,3,0,0,0
78028,0,1,38,19,288,0,7,0,0,1
63887,0,1,38,23,207,11,6,0,0,0
32727,0,0,38,13,180,13,8,0,0,0
29103,1,0,38,0,17,3,9,0,0,0
61482,0,0,39,58,68,66,2,0,0,0
20587,1,0,39,3,6,1,7,0,0,0
20587,1,0,39,3,6,1,7,0,0,0
52190,1,1,39,0,17,0,5,0,0,0
48186,1,0,39,3,66,7,7,0,0,0
19329,1,0,39,1,16,2,8,0,0,0
34109,0,1,39,1,5,1,4,0,0,0
23477,1,0,39,15,54,8,8,0,0,0
47472,1,1,39,0,11,0,5,0,0,0
14849,1,0,39,2,28,2,8,0,0,0
26224,1,0,39,7,15,9,6,0,0,0
27238,1,1,39,0,17,0,9,0,0,0
51381.5,0,1,39,5,65,20,5,0,0,0
57967,0,1,39,7,137,0,5,0,0,0
51569,0,1,39,0,47,0,8,0,0,1
72550,1,1,39,50,317,38,8,0,0,0
44511,1,0,39,7,133,14,8,0,0,0
62972,0,1,39,15,47,0,6,0,0,1
62972,0,1,39,15,47,0,6,0,0,0
77845,0,0,40,40,480,40,1,1,0,0
36663,1,0,40,0,6,3,2,0,0,0
53204,1,1,40,0,8,0,4,0,0,0
21059,1,0,40,3,19,3,6,0,0,0
67087,0,1,40,35,222,35,4,0,0,0
73892,0,0,40,102,601,58,1,0,0,1
75114,0,0,40,12,523,60,2,0,0,0
42192,0,0,40,15,15,6,4,0,0,0
31454,1,1,40,0,11,0,8,0,0,0
22775,1,0,40,1,8,0,8,0,0,0
22775,1,0,40,1,8,0,8,0,0,0
31590,1,0,40,2,15,6,8,0,0,0
80134,1,0,40,16,272,0,6,1,0,1
80134,1,0,40,16,272,0,6,1,0,1
14188,0,0,40,7,11,12,6,0,0,0
18169,1,0,40,0,5,0,8,0,0,0
62503,0,1,40,0,193,75,5,0,0,0
46734,0,1,40,5,137,23,7,0,0,0
68126,0,0,40,17,311,51,9,0,0,1
52869,1,1,40,3,61,1,7,0,0,1
26576,1,0,40,0,8,0,9,0,0,1
75825,0,0,40,105,779,105,4,0,0,1
57045,0,1,40,13,104,13,3,0,0,0
34984,1,1,40,4,15,5,7,0,0,0
27803,1,0,40,26,46,9,8,0,0,0
69283,0,1,41,62,134,26,5,0,0,0
18746,1,0,41,10,11,9,6,0,0,0
70924,0,0,41,114,254,152,3,0,0,0
70924,0,0,41,114,254,152,3,0,0,0
69401,0,1,41,27,159,8,2,0,0,0
75012,0,0,41,142,218,58,1,0,0,0
85738,0,0,41,26,376,26,1,0,0,0
60934,0,1,41,155,155,93,4,0,0,0
27161,1,0,41,4,23,0,7,0,0,0
64325,0,1,41,60,353,12,7,0,0,0
18978,1,0,41,8,1,7,8,0,0,0
41124,1,0,41,7,84,0,8,0,0,0
39684,1,0,41,0,35,4,7,0,0,1
53378,1,1,41,6,152,6,8,0,0,1
37040,0,0,41,2,73,38,8,0,0,0
78710,0,1,42,0,152,50,4,0,0,0
92910,0,0,42,137,792,103,1,1,0,0
36283,1,1,42,5,5,0,4,0,0,0
79632,0,0,42,0,510,21,2,0,0,0
28587,1,0,42,4,17,10,6,0,0,0
88325,0,0,42,71,860,27,2,0,0,0
51412,0,1,42,3,29,5,4,0,0,0
63998,0,0,42,29,818,33,4,0,0,1
38593,1,0,42,12,49,24,8,0,0,0
27889,1,0,42,0,4,0,6,0,0,0
45889,0,1,42,0,6,1,6,0,0,0
56575,0,2,42,5,90,16,5,0,0,0
16014,1,1,42,9,4,8,3,0,0,0
61331,1,1,42,5,47,5,8,0,0,0
70893,0,0,42,44,561,44,3,0,0,0
2447,1,0,42,1,1725,1,1,0,0,0
64849,0,0,42,48,350,84,5,0,0,1
42387,1,0,42,0,235,4,8,0,0,0
80617,0,0,42,51,631,55,2,0,0,0
54006,1,0,42,77,203,24,7,0,0,0
16531,1,0,43,13,6,5,7,0,0,0
30843,1,1,43,0,2,0,5,0,0,0
18988,1,0,43,0,6,1,7,0,0,0
81051,0,0,43,29,249,29,2,0,0,0
39747,1,0,43,15,93,13,8,0,0,0
34554,0,1,43,1,6,0,6,0,0,0
52854,1,1,43,0,10,1,5,0,0,0
81205,0,0,43,74,929,55,2,0,1,1
69084,1,0,43,107,199,30,8,0,0,0
69084,1,0,43,107,199,30,8,0,0,0
65352,0,1,43,3,84,7,4,0,0,0
22063,1,0,43,10,13,11,7,0,0,0
47691,0,1,43,0,3,0,6,0,0,0
29187,1,0,43,0,6,0,8,0,0,0
72504,0,1,43,26,470,161,2,0,0,0
33986,1,0,43,2,18,1,7,0,0,0
42386,1,0,43,4,16,4,8,0,0,0
42386,1,0,43,4,16,4,8,0,0,0
36957,1,1,43,2,16,1,9,0,0,1
13724,1,0,43,7,5,15,9,0,0,0
42664,0,1,44,0,3,0,6,0,0,0
37334,1,1,44,1,16,2,4,0,0,0
78497,0,0,44,26,447,0,2,1,0,0
78497,0,0,44,26,447,0,2,1,0,0
58821,0,1,44,14,154,0,6,0,0,0
58398,0,0,44,5,201,21,4,0,0,0
80950,0,0,44,147,112,147,2,1,0,0
30732,1,0,44,1,25,1,8,0,0,0
89572,0,0,44,24,974,194,4,1,0,1
57107,0,1,44,0,120,0,8,0,1,1
76467,1,0,44,161,426,44,6,0,0,1
51381.5,1,1,45,0,8,0,7,0,0,0
51315,0,0,45,28,39,30,2,0,0,0
43602,1,1,45,5,12,3,6,0,0,0
38643,1,1,45,2,14,1,7,0,0,0
49090,0,1,45,5,82,0,7,0,0,0
70617,0,0,45,61,753,46,2,0,0,0
67536,0,1,45,0,447,71,8,1,0,0
27573,1,0,45,15,110,15,8,0,0,0
13533,1,0,45,3,8,0,7,0,0,0
50725,0,1,45,10,75,10,8,0,0,0
25851,1,0,45,4,18,5,7,0,0,0
57113,1,1,45,4,33,2,7,0,0,0
62847,0,0,45,168,706,76,2,0,0,0
68627,0,0,45,15,263,54,1,0,0,0
25271,1,0,45,1,18,4,9,0,0,0
63810,0,1,45,12,253,12,8,0,0,0
63810,0,1,45,12,253,12,8,0,0,0
65488,0,0,46,45,207,18,1,0,0,0
36927,1,1,46,0,16,0,8,0,0,0
22108,1,1,46,3,9,2,7,0,0,0
72025,0,0,46,0,617,50,2,1,0,1
33183,1,0,46,5,39,15,7,0,0,0
23661,1,0,46,0,4,0,7,0,0,0
25315,1,0,46,9,8,3,8,0,0,0
45938,0,0,46,11,178,83,6,0,0,0
66951,0,0,46,162,305,76,1,0,0,0
77298,0,1,46,115,292,35,3,0,0,0
77298,0,1,46,115,292,35,3,0,0,0
43018,0,1,46,4,17,6,5,0,0,0
75759,0,0,46,22,708,91,5,1,0,1
33996,0,0,46,2,15,0,4,0,0,0
33996,0,0,46,2,15,0,4,0,0,0
54137,0,1,46,0,11,1,6,0,0,0
61223,0,1,46,43,182,118,5,0,0,0
69674,0,2,46,41,215,0,5,0,0,0
49494,1,0,46,9,97,6,7,0,0,0
51195,1,1,46,14,156,24,8,0,0,0
37284,1,1,46,1,2,1,6,0,0,0
37284,1,1,46,1,2,1,6,0,0,0
42011,1,0,46,0,16,1,8,0,0,0
70044,0,1,46,0,250,14,5,0,0,0
46053,1,0,46,10,92,7,5,0,0,0
24480,1,0,46,19,9,25,7,0,0,0
54233,0,1,46,8,158,0,8,0,0,0
36130,0,1,46,43,127,56,4,0,0,1
56559,0,1,46,22,133,31,4,0,0,0
92859,0,0,46,61,921,61,2,0,0,0
44010,1,0,46,36,234,72,9,0,0,0
80124,0,0,47,84,398,84,1,0,0,0
80124,0,0,47,84,398,84,1,0,0,0
50183,1,1,47,12,84,10,5,0,0,0
64722,1,0,47,0,280,147,6,0,0,0
37395,1,0,47,0,9,1,6,0,0,0
29543,2,0,47,3,18,4,7,0,0,0
19514,1,1,47,3,21,1,8,0,0,1
19514,1,1,47,3,21,1,8,0,0,0
59481,0,1,47,3,85,66,2,0,0,0
91712,0,0,47,24,746,29,3,0,0,1
80144,0,0,47,132,445,192,1,0,0,0
59973,0,0,47,30,168,34,1,0,0,0
68352,0,1,47,16,132,33,6,0,0,0
81169,0,0,47,20,613,61,2,0,0,0
61456,0,1,47,76,384,192,4,0,0,0
22634,0,0,47,23,11,6,8,0,0,0
22634,0,0,47,23,11,6,8,0,0,0
23957,1,0,47,1,18,11,6,0,0,1
33471,1,0,47,2,27,9,7,0,0,0
52157,0,1,48,2,29,2,4,0,0,0
30298,0,0,48,3,12,1,3,0,0,0
56551,1,1,48,4,32,2,4,0,0,0
56551,1,1,48,4,32,2,4,0,0,0
65487,0,0,48,67,500,0,2,0,0,0
65487,0,0,48,67,500,0,2,0,0,0
44213,1,1,48,11,35,4,6,0,0,0
40344,0,1,48,0,6,0,7,0,0,0
57867,1,0,48,35,178,23,6,0,0,0
25410,1,0,48,2,4,13,4,0,0,0
13260,1,1,48,4,17,2,8,0,0,0
42691,0,0,48,2,64,17,5,0,0,0
36138,1,1,48,0,16,0,7,0,0,0
57136,1,1,48,5,109,109,6,0,0,0
58275,1,1,48,10,253,43,7,0,0,0
54237,0,1,48,3,30,0,6,0,0,0
34596,1,0,48,0,2,0,8,0,0,1
34596,1,0,48,0,2,0,8,0,0,0
74881,1,1,48,72,270,27,5,0,0,0
74881,1,1,48,72,270,27,5,0,0,0
44267,1,1,48,5,65,5,9,0,0,0
68487,0,0,48,12,385,89,4,0,0,0
68487,0,0,48,12,385,89,4,0,0,0
80982,1,1,48,137,401,22,5,0,0,0
69508,1,0,48,32,162,32,6,0,0,0
63342,0,1,48,21,118,10,6,0,0,0
63342,0,1,48,21,118,10,6,0,0,1
82014,0,0,48,37,265,163,6,0,0,1
76320,0,1,49,35,214,53,2,0,0,0
64587,1,1,49,0,16,6,3,0,0,0
74190,0,1,49,81,86,91,2,0,0,0
32765,1,0,49,3,17,3,5,0,0,0
51381.5,1,1,49,1,9,0,7,0,0,0
22212,1,0,49,9,20,8,6,0,0,0
18358,1,0,49,8,19,4,7,0,0,0
26067,1,0,49,2,18,2,8,0,0,0
22390,0,0,49,1,4,1,7,0,0,0
70440,0,0,49,117,499,102,3,1,0,0
60199,1,2,49,1,7,0,4,0,0,0
38547,1,0,49,1,10,1,8,0,0,0
19107,1,0,49,4,9,5,7,0,0,0
37929,0,0,49,2,46,2,7,1,0,1
16813,0,0,49,8,11,2,7,0,0,0
62187,0,0,49,0,275,45,3,0,0,0
57811,0,1,49,7,114,21,5,0,0,0
50943,0,1,49,0,7,0,5,0,0,0
50943,0,1,49,0,7,0,5,0,0,0
53201,1,1,49,7,81,0,7,0,0,0
54414,1,1,49,18,16,26,4,0,0,0
26290,1,1,49,8,16,5,6,0,0,0
61250,0,1,49,138,65,26,5,0,0,0
28389,0,0,49,5,3,4,7,0,0,0
55250,0,1,49,58,83,0,5,0,0,0
37758,1,1,49,2,10,0,8,0,0,0
37758,1,1,49,2,10,0,8,0,0,0
37633,1,1,49,4,20,0,9,0,0,0
33629,1,1,49,0,16,0,9,0,0,0
36947,1,1,49,3,21,1,9,0,0,0
69142,0,1,50,4,34,4,5,0,0,0
53154,0,1,50,0,21,1,4,0,0,0
65695,0,1,50,32,189,58,4,0,0,0
69805,0,1,50,71,174,10,2,0,0,0
36975,1,0,50,6,11,4,7,0,0,0
26228,1,0,50,6,4,1,8,0,0,0
37787,1,0,50,1,40,3,8,0,0,0
37087,1,0,50,55,134,0,6,0,0,0
57247,0,1,50,4,32,54,2,0,0,0
36930,0,1,50,2,31,2,8,0,0,0
48721,1,1,50,18,113,13,6,0,0,0
43641,1,1,50,2,51,2,6,0,0,0
75903,0,1,50,108,185,38,3,0,0,0
71391,0,1,50,123,274,123,3,0,0,0
16927,1,1,50,2,23,1,8,0,0,0
27215,2,1,50,5,22,9,6,0,0,0
53858,0,1,50,53,221,150,4,0,0,0
30983,0,0,50,4,50,1,8,0,0,1
43462,1,1,50,17,97,6,8,0,0,0
63943,0,1,50,184,368,97,5,0,0,0
26816,0,0,50,1,6,4,4,0,0,0
75484,0,1,50,97,259,194,4,0,0,0
33564,0,1,51,0,3,0,5,0,0,0
54348,1,1,51,0,16,0,6,0,0,0
54984,0,1,51,13,131,3,7,1,0,0
34738,1,0,51,2,10,0,6,0,0,0
68118,0,1,51,23,123,23,6,0,0,0
68118,0,1,51,23,123,23,6,0,0,0
22682,1,0,51,14,29,2,4,0,0,0
51948,0,1,51,33,54,30,5,0,0,0
25293,1,0,51,0,11,2,8,0,0,0
25293,1,0,51,0,11,2,8,0,0,0
41551,1,1,51,0,33,0,8,0,0,0
56067,0,1,51,12,54,6,5,0,0,0
67433,0,2,51,28,259,48,4,0,0,0
22010,1,0,51,2,9,0,8,0,0,0
64831,1,1,51,86,249,86,6,0,0,0
62820,0,0,51,61,265,61,1,0,0,0
62820,0,0,51,61,265,61,1,0,0,0
78353,0,1,51,122,476,153,8,0,0,0
57183,1,1,51,5,64,0,8,0,0,0
23478,0,0,51,6,27,17,8,0,0,0
30168,1,0,51,20,66,12,9,0,0,0
37155,1,0,51,0,26,15,5,0,0,0
16581,0,0,51,3,4,3,4,0,0,0
41850,1,1,51,5,19,13,8,0,0,0
81380,0,0,51,68,689,68,2,0,0,0
56386,1,1,51,48,214,32,9,0,0,0
25818,1,0,51,2,8,2,7,0,0,0
15345,1,0,51,2,16,2,8,0,0,1
57954,1,1,52,4,24,0,7,0,0,0
50300,0,1,52,15,60,23,2,0,0,0
38725,1,1,52,0,6,1,4,0,0,0
10404,1,0,52,2,11,6,5,0,0,0
26868,1,0,52,0,1,3,7,0,0,0
72298,0,0,52,35,169,17,1,0,0,0
72905,0,0,52,114,445,165,1,1,0,0
47025,0,1,52,7,108,0,6,0,0,0
29938,1,0,52,3,7,2,6,0,0,0
46681,0,2,52,15,69,19,5,0,0,0
46681,0,2,52,15,69,19,5,0,0,0
29548,1,0,52,1,6,1,4,0,0,0
62058,0,1,52,7,74,0,6,0,0,0
51381.5,1,1,52,42,48,66,3,0,0,0
36736,1,1,52,0,3,0,6,0,0,0
8820,1,1,52,0,13,2,8,0,0,0
14918,0,1,52,3,3,4,6,0,0,0
56715,0,0,52,105,239,172,4,0,0,0
24882,1,0,52,4,10,0,6,0,0,0
24882,1,0,52,4,10,0,6,0,0,0
40442,1,1,52,12,52,22,7,0,0,1
64176,0,1,52,33,249,116,6,0,0,0
23536,1,0,53,0,3,0,3,0,0,0
35246,1,1,53,0,12,2,5,0,0,0
28442,2,0,53,3,10,8,4,0,0,0
48195,1,1,53,27,68,7,6,0,0,0
74116,0,0,53,111,704,55,2,0,0,0
78093,0,0,53,32,639,43,1,0,0,0
59354,1,1,53,2,53,5,6,0,0,0
36301,1,0,53,12,35,5,7,0,0,0
77598,0,0,53,33,281,66,3,0,0,0
62710,0,1,53,35,83,29,4,0,0,0
36317,0,1,53,3,25,2,7,0,0,0
42767,2,0,53,6,43,5,8,0,0,0
43815,1,0,53,10,29,7,6,0,0,0
44421,1,1,53,5,59,1,8,0,0,0
48948,0,0,53,8,206,49,6,0,0,1
48948,0,0,53,8,206,49,6,0,0,1
63120,0,1,53,69,279,41,7,0,0,1
55517,1,1,53,0,108,6,9,0,0,1
36864,0,1,53,5,39,0,8,0,0,1
51381.5,0,0,53,2,1607,4,0,0,0,0
82582,0,0,54,120,550,40,1,1,0,1
79803,0,1,54,8,216,16,1,0,0,0
52569,0,1,54,0,3,0,3,0,0,0
82032,0,0,54,194,377,125,1,0,0,0
82032,0,0,54,194,377,125,1,0,0,0
65685,0,1,54,14,49,7,5,0,0,0
65685,0,1,54,14,49,7,5,0,0,0
40451,0,2,54,0,4,0,5,0,0,0
31163,1,0,54,3,10,2,6,0,0,0
31163,1,0,54,3,10,2,6,0,0,0
35704,1,1,54,9,12,11,4,0,0,0
7500,1,0,54,3,10,7,7,0,0,0
36075,1,0,54,0,30,1,6,0,0,0
70038,0,0,54,54,348,54,2,0,0,0
70038,0,0,54,54,348,54,2,0,0,0
71796,0,0,54,21,311,75,4,0,0,0
47821,1,1,54,0,16,6,8,0,0,0
45503,1,0,54,4,44,1,5,0,0,0
28647,1,0,54,8,29,12,7,0,0,1
37760,1,0,54,3,13,10,6,0,0,0
85431,0,0,54,53,462,53,0,0,0,0
72635,0,0,54,22,323,35,3,1,0,0
72635,0,0,54,22,323,35,3,1,0,0
77142,0,0,54,75,162,151,2,0,0,0
53172,0,1,54,62,90,20,3,0,0,0
36065,1,1,54,7,34,2,8,0,0,0
73926,0,0,54,91,597,91,3,0,0,0
35790,1,0,54,6,20,1,7,0,0,0
39552,1,1,54,3,147,24,8,0,0,1
68316,0,1,54,80,161,11,6,0,0,0
102160,0,0,54,29,138,176,4,1,0,1
51390,1,1,54,20,47,2,5,0,0,0
72066,0,0,55,34,536,51,2,1,0,1
21675,1,0,55,0,16,4,7,0,0,0
48006,1,1,55,0,11,2,6,0,0,0
65106,0,1,55,19,133,0,6,0,0,0
58401,0,1,55,0,11,29,4,0,0,0
29315,1,1,55,2,14,7,6,0,0,0
49389,1,1,55,0,19,1,7,0,0,0
51717,0,1,55,1,17,1,7,0,0,0
46779,1,1,55,1,3,0,4,0,0,0
28520,1,1,55,0,10,2,6,0,0,0
34377,0,1,55,0,22,1,7,0,0,0
54959,0,1,55,0,60,0,7,0,0,1
82384,0,0,55,51,432,120,1,0,0,1
46998,0,1,55,41,86,6,7,0,0,0
58554,1,1,55,24,68,0,7,0,0,0
58554,1,1,55,24,68,0,7,0,0,0
57333,0,1,55,14,397,58,6,0,0,1
80685,0,0,55,45,604,26,2,0,0,0
52117,0,1,55,10,107,0,7,0,0,0
62220,0,1,55,12,375,12,6,0,0,1
64014,2,1,56,0,30,0,7,1,0,0
64014,2,1,56,0,30,0,7,1,0,0
46390,0,1,56,14,64,9,7,0,0,0
75507,0,0,56,93,374,80,3,0,0,0
75507,0,0,56,93,374,80,3,0,0,0
59412,0,0,56,67,165,43,3,0,0,0
50616,0,1,56,0,16,1,7,0,0,0
35924,1,1,56,0,14,3,5,0,0,0
57937,0,1,56,42,144,48,3,0,0,0
73356,0,0,56,14,322,14,2,1,0,1
21255,1,0,56,0,25,2,4,0,0,0
58494,0,1,56,7,68,0,6,0,0,0
72460,0,0,56,10,540,30,1,0,0,0
68682,0,0,56,0,505,30,2,0,0,0
68682,0,0,56,0,505,30,2,0,0,0
36959,1,0,56,6,25,0,8,0,0,0
46463,1,1,56,2,40,11,6,0,0,0
61825,0,1,56,50,100,30,4,0,0,0
61825,0,1,56,50,100,30,4,0,0,0
28691,1,0,56,4,13,0,8,0,0,0
28691,1,0,56,4,13,0,8,0,0,0
54058,0,1,56,18,252,108,3,0,0,0
84196,0,1,56,63,507,31,3,0,0,0
38620,0,0,56,17,44,22,3,0,0,0
38620,0,0,56,17,44,22,3,0,0,0
3502,1,0,56,1,1,0,14,0,0,0
47743,0,1,56,2,43,12,6,0,0,0
80360,0,0,56,86,454,43,2,1,0,0
66303,0,1,56,12,96,12,8,0,0,0
52413,0,2,56,106,271,98,6,0,0,0
60714,0,0,56,162,224,92,5,0,0,1
31385,1,0,56,2,12,1,8,0,0,1
83257,0,0,56,27,590,107,6,0,0,1
80427,0,1,56,71,449,71,5,0,0,0
38823,0,1,56,0,11,8,6,0,0,0
42014,1,0,56,15,108,15,8,0,0,1
42014,1,0,56,15,108,15,8,0,0,1
76140,0,0,57,66,653,0,2,0,0,0
41713,1,1,57,8,44,10,6,0,0,0
62670,0,1,57,30,92,46,3,0,0,0
70932,0,1,57,193,100,185,3,0,0,0
78939,0,0,57,115,243,0,3,0,0,0
44512,1,1,57,1,6,0,4,0,0,0
63967,0,1,57,84,141,35,2,0,0,0
90842,0,0,57,70,118,187,1,0,0,0
25358,0,1,57,0,5,0,6,0,0,0
51381.5,1,0,57,3,22,2,6,0,0,0
28567,1,0,57,3,22,2,6,0,0,0
66373,1,1,57,9,124,24,3,0,0,0
66373,1,1,57,9,124,24,3,0,0,0
83844,0,0,57,31,345,31,1,0,0,0
83844,0,0,57,31,345,31,1,0,0,0
83844,0,0,57,31,345,31,1,0,0,0
83664,1,1,57,21,151,21,5,0,0,0
27450,0,0,57,12,23,11,7,0,0,0
54880,1,0,57,85,137,45,5,0,0,0
71322,0,1,57,43,226,10,4,0,0,0
60000,0,1,57,0,217,0,6,0,0,0
65176,0,1,57,28,183,70,6,0,0,0
61010,0,1,57,0,57,0,5,0,0,0
31089,1,0,57,3,31,8,8,0,0,0
20518,1,0,58,1,6,1,5,0,0,0
34469,1,1,58,6,20,5,4,0,0,0
28332,0,0,58,10,13,15,2,0,0,0
33456,1,1,58,3,10,1,7,0,0,0
38443,1,1,58,0,5,0,7,0,0,0
65333,0,1,58,7,92,15,6,0,0,0
82623,0,0,58,34,204,153,1,0,0,0
73691,0,1,58,21,250,43,2,0,0,0
74485,0,0,58,149,815,49,3,0,0,0
65748,0,1,58,73,93,78,1,0,0,0
24367,1,0,58,4,2,11,9,0,0,0
91700,0,0,58,172,961,115,3,0,0,1
79244,0,0,58,102,125,61,1,1,0,1
82017,0,0,58,23,446,23,2,1,0,1
58138,0,0,58,88,546,88,7,0,0,1
59354,0,2,59,21,78,13,3,0,0,0
58482,0,1,59,7,115,7,6,0,0,0
29478,1,0,59,0,7,1,6,0,0,0
64474,0,1,59,35,172,86,5,0,0,0
31160,1,0,59,3,25,1,8,0,0,0
40321,1,1,59,4,21,0,7,0,0,0
40321,1,1,59,4,21,0,7,0,0,0
55239,0,1,59,17,238,24,5,0,0,0
57513,0,0,59,40,183,20,6,0,0,0
85693,0,1,59,172,183,132,5,0,0,0
71855,0,1,59,31,422,112,3,0,0,0
7500,0,0,59,16,11,1,8,0,0,0
71969,0,1,59,0,76,0,8,0,0,0
28973,0,0,59,0,46,2,8,0,0,0
80872,0,0,60,72,567,12,1,0,0,0
84117,0,0,60,76,749,45,2,0,0,0
38741,1,1,60,10,17,6,7,0,0,0
38961,1,0,60,7,19,1,7,0,0,0
75922,0,0,60,138,553,23,1,0,0,0
56962,2,1,60,3,77,3,7,0,0,0
56962,2,1,60,3,77,3,7,0,0,0
70165,0,0,60,0,253,191,1,0,0,0
65308,0,0,60,0,264,80,4,1,0,0
29298,1,1,60,0,2,0,5,0,0,0
63246,0,2,60,30,91,22,4,0,0,0
33402,1,1,60,2,19,5,8,0,0,0
96843,0,0,60,71,951,17,2,0,0,1
82333,0,0,60,0,359,89,2,0,0,1
72643,0,0,60,80,553,94,2,1,0,1
32313,1,0,60,4,56,4,9,0,0,0
55284,0,1,60,7,140,7,5,0,0,0
15287,1,0,60,2,8,3,7,0,0,1
15287,1,0,60,2,8,3,7,0,0,1
51563,0,0,60,0,48,0,8,0,0,0
81929,1,0,60,55,278,0,6,0,0,1
53593,1,1,60,4,78,0,8,0,0,0
60432,0,1,61,3,15,3,6,0,0,0
66726,1,1,61,7,35,0,7,0,0,0
62450,0,1,61,47,267,66,3,0,0,0
49514,1,0,61,39,78,13,7,0,0,0
43269,1,0,61,1,7,0,8,0,0,0
33762,2,1,61,1,34,0,8,0,0,0
60894,0,1,61,7,155,0,7,0,0,0
87771,0,1,61,38,287,57,6,1,1,1
87771,0,1,61,38,287,57,6,1,1,1
50737,0,1,61,0,11,0,6,0,0,0
26150,2,1,61,1,13,5,7,0,0,0
57304,0,1,61,80,329,17,5,0,0,0
71107,0,1,61,10,217,174,4,0,0,0
53253,1,1,61,9,57,9,5,0,0,0
81320,0,0,61,33,493,103,2,0,0,0
87000,0,0,61,25,607,17,2,0,0,0
40049,0,1,61,65,52,44,5,0,0,0
63684,0,1,61,80,428,93,5,0,0,0
69016,0,1,61,53,363,107,5,0,0,0
7500,0,1,61,2,3,0,8,0,0,0
73803,0,1,61,80,363,26,6,0,0,1
46094,1,1,62,2,20,2,7,0,0,0
85844,0,0,62,19,843,95,2,0,0,0
38452,1,1,62,0,14,0,7,0,0,0
38452,1,1,62,0,14,0,7,0,0,0
80395,0,0,62,25,706,76,2,1,0,0
87679,0,0,62,172,815,148,4,1,0,1
35416,0,0,62,3,81,3,8,0,0,0
44124,0,1,62,0,55,6,8,0,0,0
50729,1,1,62,13,143,4,6,0,0,0
94384,0,0,62,24,790,45,2,1,0,1
94384,0,0,62,24,790,45,2,1,0,1
34412,1,0,62,12,50,36,9,0,0,0
31158,1,0,62,6,16,0,8,0,0,0
34838,1,1,62,23,29,14,6,0,0,0
56775,0,1,62,35,160,35,5,0,0,0
54356,0,1,62,15,30,0,8,0,0,1
72159,0,0,62,53,899,40,2,0,0,0
8028,0,0,62,18,66,12,19,0,0,0
55951,0,1,62,0,80,13,8,0,1,0
67911,0,1,63,0,356,28,3,0,0,0
67911,0,1,63,0,356,28,3,0,0,0
20427,1,0,63,0,4,0,8,0,0,0
32303,0,1,63,0,2,0,5,0,0,0
55954,0,1,63,0,28,0,7,0,0,0
49187,0,1,63,1,31,1,2,0,0,0
49854,1,0,63,17,171,0,6,0,0,0
63693,0,1,63,43,337,87,6,0,0,0
63693,0,1,63,43,337,87,6,0,0,0
19510,2,0,63,0,7,4,7,0,0,0
52332,0,0,63,5,33,0,4,0,0,0
55593,0,1,63,8,124,4,6,0,0,0
54591,0,1,63,4,94,9,5,0,0,0
74859,0,0,63,73,614,102,3,1,0,0
40851,1,1,63,1,7,4,7,0,0,0
58607,0,1,63,0,86,0,8,0,0,0
7500,1,0,63,17,18,26,9,0,0,0
52614,0,1,63,0,142,9,8,0,0,0
52614,0,1,63,0,142,9,8,0,0,0
67445,0,1,63,80,217,80,6,0,0,0
67445,0,1,63,80,217,80,6,0,0,0
67445,0,1,63,80,217,80,6,0,0,0
36778,1,1,63,4,34,4,9,0,0,0
39453,1,0,64,0,7,0,6,0,0,0
42731,1,0,64,2,51,2,5,0,0,0
40760,0,1,64,0,17,0,6,0,0,0
69969,0,0,64,29,514,29,3,1,0,1
80317,0,0,64,11,387,91,1,0,0,0
66636,0,0,64,10,689,10,1,0,0,0
54730,0,1,64,3,17,7,4,0,0,0
42835,1,1,64,4,93,9,6,0,0,0
53843,0,1,64,0,88,4,7,0,0,0
79530,0,0,64,0,815,42,2,0,0,0
63841,0,1,64,15,100,7,6,0,0,0
63841,0,1,64,15,100,7,6,0,0,0
63841,0,1,64,15,100,7,6,0,0,0
27100,1,0,64,0,13,0,7,0,0,0
27100,1,0,64,0,13,0,7,0,0,0
72309,0,0,64,0,883,38,3,1,0,1
50664,1,1,64,8,104,4,9,0,0,0
20194,1,0,64,4,7,10,6,0,0,0
76618,0,0,64,40,294,160,1,0,0,0
45207,1,1,64,0,10,0,6,0,0,0
56721,1,1,64,6,39,13,6,0,0,0
27038,0,0,64,26,25,23,9,0,0,1
23763,1,0,64,0,6,2,7,0,0,0
37085,1,1,65,1,16,0,8,0,0,0
49605,0,0,65,16,29,20,3,0,0,0
1730,0,0,65,1,3,1,20,0,0,0
34824,0,0,65,2,11,0,6,0,0,0
34824,0,0,65,2,11,0,6,0,0,0
63206,0,0,65,8,125,8,2,0,0,0
26759,1,0,65,3,16,5,6,0,0,0
55412,1,1,65,5,28,1,5,0,0,0
33590,2,1,65,0,2,0,7,0,0,0
70886,1,0,65,70,239,88,2,0,0,0
72679,0,1,65,54,260,54,1,0,0,0
65073,0,0,65,17,177,0,2,0,0,0
44300,1,1,65,0,9,0,6,0,0,0
56129,0,1,65,48,133,72,4,0,0,0
56129,0,1,65,48,133,72,4,0,0,0
38590,1,0,65,1,8,3,8,0,0,0
53083,1,1,65,7,33,0,7,0,0,0
79689,0,0,65,26,640,37,2,0,0,0
34704,0,1,65,0,5,1,5,0,0,0
65316,1,1,65,6,92,9,4,0,0,0
41014,1,0,65,2,6,0,7,0,0,0
19740,0,1,65,11,3,4,5,0,0,0
23724,1,0,65,23,15,18,8,0,0,0
55212,0,1,65,0,45,0,8,0,1,0
55212,0,1,65,0,45,0,8,0,1,0
79800,0,0,65,21,530,0,3,1,0,1
70647,0,1,65,85,171,123,2,0,0,0
38410,0,0,65,64,123,64,6,0,0,1
28071,0,0,65,33,130,26,8,0,0,0
54803,0,1,65,0,92,27,4,0,0,0
74293,0,0,66,152,335,91,2,0,0,0
74293,0,0,66,152,335,91,2,0,0,0
35684,1,0,66,4,7,6,6,0,0,0
34320,1,0,66,1,9,0,8,0,0,0
41967,1,1,66,4,10,2,4,0,0,0
49681,0,2,66,0,26,0,7,0,0,0
49681,0,2,66,0,26,0,7,0,0,0
53187,1,0,66,2,30,7,5,0,0,0
86610,0,0,66,107,768,196,2,0,0,0
70951,0,0,66,10,554,87,1,0,0,0
24206,1,0,66,2,8,2,6,0,0,0
55357,2,0,66,64,116,25,5,0,0,0
58113,0,1,66,104,169,78,7,0,0,0
70643,0,0,66,107,304,143,6,0,0,1
64355,1,0,66,0,140,38,8,0,0,0
82576,0,0,66,55,445,18,1,0,0,0
41644,1,1,67,3,4,0,3,0,0,0
72570,0,0,67,83,216,141,1,0,0,0
30630,1,1,67,1,12,0,7,0,0,0
22944,1,0,67,3,19,5,7,0,0,0
86979,0,0,67,100,835,83,2,0,0,1
51381.5,1,2,67,20,172,50,7,1,0,0
82072,0,0,67,55,685,92,1,0,0,0
52034,1,1,67,0,93,13,7,0,0,0
72354,0,0,67,26,473,12,1,0,0,0
28427,1,0,67,3,19,3,8,0,0,0
28427,1,0,67,3,19,3,8,0,0,0
39858,1,0,67,20,25,7,6,0,0,1
67381,0,1,67,8,53,0,7,0,0,0
23529,0,1,67,7,13,2,6,0,0,0
51479,1,1,67,8,160,8,7,0,0,0
76068,0,1,67,12,128,12,6,0,1,0
22507,0,0,67,0,226,157,9,0,0,0
52413,1,0,67,8,133,56,7,0,0,0
50116,1,1,68,0,10,0,5,0,0,0
76624,0,1,68,106,147,115,1,0,0,0
34587,1,1,68,2,9,0,4,0,0,0
62159,0,0,68,17,259,70,4,0,0,0
66294,0,0,68,108,334,92,2,0,0,0
5648,1,1,68,0,6,1,20,0,0,0
37235,1,0,68,2,9,6,4,0,0,0
85620,0,0,68,46,925,107,1,0,0,1
23976,1,0,68,1,21,3,7,0,0,0
41020,0,0,68,1,54,7,3,0,0,0
36108,1,0,68,8,129,11,9,0,0,0
57530,0,1,68,1,27,7,1,0,0,0
62905,0,1,68,75,96,107,4,0,0,0
65846,0,0,68,81,276,40,4,0,0,0
34380,1,0,68,7,58,1,8,0,0,0
41638,0,1,68,0,31,0,8,0,0,0
63207,0,0,68,169,565,169,7,1,0,0
28320,0,1,68,1,14,2,8,0,0,0
43140,0,1,68,8,76,0,6,0,0,0
52531,0,0,68,112,151,72,6,0,0,0
40246,1,0,68,1,6,1,6,0,0,0
35196,1,0,68,12,141,39,8,0,0,1
35196,1,0,68,12,141,39,8,0,0,0
70596,0,0,68,44,534,0,2,0,0,0
70596,0,0,68,44,534,0,2,0,0,0
52597,0,1,69,0,37,0,5,0,0,0
42394,1,0,69,2,10,1,7,0,0,0
81657,0,0,69,40,425,60,1,0,0,0
49154,1,1,69,10,67,27,6,0,0,0
34074,1,1,69,1,41,1,6,0,0,0
51381.5,0,0,69,138,461,30,3,1,0,0
70638,0,0,69,12,215,12,3,0,0,0
38136,1,0,69,15,27,20,8,0,0,0
67432,0,1,69,79,341,136,4,0,0,0
40689,0,1,69,3,27,6,8,0,0,0
40689,0,1,69,3,27,6,8,0,0,0
101970,0,0,69,27,102,72,2,1,0,1
44325,0,1,69,0,21,0,8,0,0,0
61467,0,2,69,16,114,5,5,0,0,0
48178,1,1,69,4,45,2,8,0,0,0
16005,1,0,69,3,2,30,8,0,0,0
79593,0,0,70,60,568,133,2,0,0,0
79593,0,0,70,60,568,133,2,0,0,0
61180,0,1,70,24,29,24,3,0,0,0
64449,1,0,70,63,282,35,4,0,0,0
77437,0,0,70,21,442,44,1,0,0,0
17649,1,0,70,1,23,5,8,0,0,0
53103,0,1,70,17,133,0,7,0,0,0
71819,0,1,70,28,140,14,6,0,0,0
74290,0,1,70,0,72,12,6,1,0,0
72282,0,0,70,27,419,139,7,0,0,1
47352,0,1,70,12,112,0,7,0,0,0
47352,0,1,70,12,112,0,7,0,0,0
46524,0,1,70,19,35,14,3,0,0,0
50200,1,1,70,6,51,6,8,0,0,0
18222,0,0,70,4,19,6,8,0,0,0
77610,0,1,70,33,332,33,7,0,0,0
38097,1,1,70,2,35,1,7,0,0,1
44377,1,1,70,0,30,0,8,0,0,0
58684,0,0,71,35,179,7,2,0,0,0
66480,1,1,71,9,57,21,4,0,0,0
49638,0,1,71,10,3,5,2,0,0,0
50616,0,1,71,2,25,1,2,0,0,0
26642,1,0,71,2,15,2,6,0,0,0
33235,1,0,71,0,16,1,7,0,0,0
23228,1,0,71,2,18,1,8,0,0,0
36732,1,1,71,5,3,1,2,0,0,0
82657,0,0,71,168,672,105,4,1,0,0
64140,0,2,71,0,61,15,5,0,1,1
44392,1,1,71,5,71,12,7,0,0,0
16185,1,0,71,11,16,8,8,0,0,0
38702,1,0,71,11,24,8,6,0,0,0
54072,1,1,71,0,4,0,8,0,0,0
61787,0,0,71,73,414,48,5,0,0,0
34935,0,0,71,4,66,10,7,0,0,0
34935,0,0,71,4,66,10,7,0,0,0
59292,0,1,71,14,68,14,3,0,0,0
59292,0,1,71,14,68,14,3,0,0,0
57959,0,1,71,16,322,24,3,0,0,0
92491,0,0,71,44,935,25,3,1,0,1
42207,1,0,71,11,72,17,6,0,0,1
46984,1,1,71,1,10,1,5,0,0,0
23442,1,0,71,0,6,6,7,0,0,0
46757,0,1,71,30,163,51,9,0,0,0
14515,1,0,71,4,9,36,7,0,0,1
80910,0,0,71,80,369,39,1,0,0,0
30545,1,0,71,12,15,7,7,0,0,0
44802,0,0,71,10,143,10,8,0,0,0
79941,0,0,72,164,266,30,1,0,0,0
79734,0,0,72,8,232,62,1,1,0,0
50353,0,0,72,15,153,31,3,0,0,0
77376,1,1,72,19,110,12,4,0,0,0
78075,0,0,72,8,259,35,1,0,0,0
42473,1,1,72,1,21,4,5,0,0,0
25008,1,0,72,8,8,1,8,0,0,0
56223,0,1,72,28,31,0,4,0,0,0
47850,1,0,72,7,43,12,6,0,0,0
91820,0,0,72,73,747,161,1,0,0,0
40637,1,1,72,0,13,0,7,0,0,0
23295,0,0,72,0,1,12,8,0,0,0
84574,0,0,72,20,713,54,5,0,0,0
54165,0,0,72,4,73,6,2,0,0,0
28510,1,1,72,5,19,4,5,0,0,0
67131,0,1,72,71,250,35,6,0,0,0
56242,0,1,72,8,167,8,6,0,0,0
86580,0,0,72,21,127,20,1,0,0,0
76005,0,0,72,20,389,50,6,1,0,0
54693,0,1,72,17,142,26,6,0,0,0
52750,0,1,72,0,239,69,4,0,0,0
36997,1,1,72,4,12,0,5,0,0,0
34230,1,1,72,0,4,0,7,0,0,0
47916,0,1,72,0,26,0,6,0,0,0
60839,1,1,72,21,128,150,8,0,0,0
79930,0,0,72,86,740,51,2,0,0,0
55158,1,1,72,0,87,11,7,0,0,1
85485,0,0,73,26,611,18,2,0,0,0
75865,0,0,73,0,591,0,1,0,0,0
44375,0,1,73,5,28,7,5,0,0,0
60504,0,1,73,0,24,4,6,0,0,0
65492,0,0,73,161,295,85,2,0,0,0
67506,0,1,73,38,67,36,3,0,0,0
68805,0,1,73,2,49,13,2,0,0,0
61209,0,0,73,0,224,49,2,0,0,0
66825,0,0,73,101,405,40,2,0,0,0
87188,0,0,73,111,724,74,3,0,0,1
84953,0,0,73,48,602,72,2,1,0,1
74637,0,0,73,64,464,0,3,1,0,0
86111,0,0,73,28,756,40,2,0,0,0
77632,0,0,73,105,758,42,2,0,0,1
31814,1,0,73,3,20,1,9,0,0,0
70116,0,0,73,44,603,58,1,0,0,0
48240,0,0,73,91,248,49,5,0,0,1
40101,1,0,73,3,129,24,7,0,0,0
70503,0,0,73,33,216,33,6,0,0,0
79205,0,0,73,23,117,28,4,1,0,1
51766,1,0,74,51,87,20,5,0,0,0
62994,1,0,74,12,48,12,6,0,0,0
65640,0,1,74,7,149,15,2,0,0,0
38361,1,0,74,0,56,8,7,0,0,0
38361,1,0,74,0,56,8,7,0,0,0
19986,1,0,74,6,5,2,7,0,0,0
19986,1,0,74,6,5,2,7,0,0,0
72903,0,0,74,138,750,19,4,1,0,1
45072,1,2,74,2,99,2,8,0,0,0
59062,2,1,74,1,12,0,4,0,0,0
61794,0,1,74,47,188,47,2,0,0,0
45143,0,1,74,5,74,5,7,0,0,0
45143,0,1,74,5,74,5,7,0,0,0
26877,0,0,74,13,76,18,6,0,0,0
36921,1,1,74,1,12,1,7,0,0,0
54342,1,1,74,10,34,10,6,0,0,0
62772,0,1,74,49,157,8,2,0,0,0
75032,0,1,74,12,180,12,3,0,0,0
22419,0,0,74,3,47,21,8,0,0,0
22419,0,0,74,3,47,21,8,0,0,0
36550,1,0,74,90,94,103,9,0,0,0
75027,0,1,74,64,179,12,5,0,0,0
63159,0,0,74,34,586,86,3,0,0,0
54108,1,1,74,6,91,6,8,0,0,0
81795,0,0,74,132,693,118,2,0,0,0
59594,0,1,74,4,29,0,7,0,0,0
18492,1,0,75,2,2,1,8,0,0,0
94472,0,1,75,33,417,100,5,0,0,0
70337,0,0,75,81,149,43,1,0,0,0
34853,1,1,75,3,15,3,6,0,0,0
51381.5,0,0,75,126,490,126,1,0,0,1
16269,1,0,75,3,18,1,8,0,0,0
50272,1,0,75,13,66,8,7,0,0,0
22804,1,0,75,1,7,1,9,0,0,0
22804,1,0,75,1,7,1,9,0,0,0
30631,1,0,75,6,20,5,7,0,0,0
78420,0,0,75,28,674,28,1,0,0,0
81741,0,0,75,153,940,134,2,0,0,0
25721,1,0,75,3,6,6,7,0,0,1
31907,0,0,75,87,64,16,7,0,0,0
37859,1,2,75,1,8,1,8,0,0,0
30261,1,2,75,0,5,3,8,0,0,0
21645,1,0,75,0,23,5,9,0,0,1
21282,1,0,76,5,8,8,6,0,0,0
32144,1,1,76,0,10,0,7,0,0,0
62637,0,1,76,12,48,12,2,0,0,0
16626,2,0,76,3,22,1,9,0,0,0
54690,1,1,76,16,37,9,3,0,0,0
54690,1,1,76,16,37,9,3,0,0,0
61284,0,0,76,15,106,7,6,0,0,0
23718,1,0,76,3,14,7,7,0,0,0
33419,0,1,76,0,12,0,7,0,0,0
82025,0,0,76,98,606,70,1,0,0,1
15056,1,1,76,12,3,6,5,0,0,0
48192,0,0,76,43,204,58,8,1,1,1
67309,1,1,76,47,181,95,7,0,0,0
66033,0,1,76,35,179,59,7,0,0,0
28769,1,0,76,5,129,3,9,0,0,0
6835,0,1,76,2,12,2,20,0,0,0
32880,1,0,76,4,15,6,8,0,0,0
23616,1,0,76,22,11,7,8,0,0,1
19419,1,0,76,14,28,3,9,0,0,0
34961,1,0,77,2,26,1,7,0,0,0
64892,0,1,77,24,230,24,4,0,0,0
16248,1,0,77,11,10,12,6,0,0,0
43776,1,0,77,0,9,1,6,0,0,0
52074,0,1,77,0,12,0,4,0,0,0
22123,0,0,77,3,24,7,5,0,0,0
35544,1,0,77,5,23,1,7,0,0,0
59060,1,0,77,40,111,40,4,0,0,0
65665,0,1,77,162,387,36,3,0,0,0
29819,1,0,77,1,24,1,6,0,0,0
81217,0,0,77,70,324,40,1,0,0,0
81217,0,0,77,70,324,40,1,0,0,0
26095,1,0,77,7,9,1,7,0,0,0
65706,0,0,77,10,129,0,7,0,1,1
31859,1,0,77,1,3,0,7,0,0,0
93027,0,0,77,42,716,0,2,0,0,0
58710,0,1,77,81,368,122,6,0,0,0
49618,1,1,77,3,26,2,7,0,0,0
58308,0,1,77,0,69,0,8,0,0,0
40800,1,2,77,0,27,30,7,0,0,0
18690,0,0,77,1,7,4,8,0,0,0
18690,0,0,77,1,7,4,8,0,0,0
18690,0,0,77,1,7,4,8,0,0,0
28087,1,1,77,8,17,0,7,0,0,0
75702,1,1,77,28,353,42,8,0,0,0
32892,1,0,78,0,15,1,8,0,0,0
32892,1,0,78,0,15,1,8,0,0,0
89120,0,0,78,92,408,129,1,0,0,0
27116,1,1,78,1,21,2,7,0,0,0
46107,1,0,78,9,27,9,3,0,0,0
54466,1,1,78,0,4,0,5,0,0,0
59686,0,1,78,15,89,42,4,0,0,0
82460,0,0,78,47,573,32,1,0,0,0
76045,0,0,78,53,400,93,2,1,0,0
83829,0,0,78,161,430,161,1,1,0,1
83829,0,0,78,161,430,161,1,1,0,1
32889,1,1,78,0,13,2,5,0,0,0
33462,1,0,78,3,18,0,7,0,0,0
36627,2,0,78,1,5,0,5,0,0,0
28718,1,0,78,4,6,8,8,0,0,0
77981,1,0,78,120,204,126,5,0,0,0
60230,0,1,78,20,367,81,5,0,0,0
74918,0,0,78,59,913,19,3,0,0,0
40464,0,1,78,17,118,23,8,0,0,0
64857,0,0,78,14,717,0,4,0,0,0
64857,0,0,78,14,717,0,4,0,0,0
63381,0,1,78,50,142,50,2,0,0,0
63381,0,1,78,50,142,50,2,0,0,0
66664,0,0,78,96,447,96,3,0,0,0
66664,0,0,78,96,447,96,3,0,0,0
86358,1,1,78,47,494,47,8,0,0,0
41443,1,0,79,7,171,19,8,0,0,0
57072,0,1,79,0,60,0,5,0,0,0
54178,0,1,79,9,39,0,2,0,0,0
48767,1,2,79,1,21,0,5,0,0,0
51124,1,1,79,1,11,1,3,0,0,0
43020,1,0,79,7,99,25,6,0,0,0
49980,0,1,79,1,54,9,5,0,0,0
72906,0,0,79,32,519,75,1,0,0,0
25176,1,1,79,0,4,0,7,0,0,0
96876,0,0,79,43,735,194,2,1,0,1
31086,1,1,79,2,11,0,8,0,0,0
24072,1,0,79,1,6,0,8,0,0,0
76773,0,0,79,56,449,33,1,0,0,0
72190,0,0,79,166,597,166,3,0,0,0
83837,0,0,79,66,119,89,4,1,0,1
17345,1,0,79,9,16,0,8,0,0,0
75154,0,1,79,10,205,143,3,0,0,1
28249,0,0,80,9,7,14,6,0,0,0
28249,0,0,80,9,7,14,6,0,0,0
69661,0,0,80,16,106,16,3,0,0,0
27922,1,0,80,0,13,4,4,0,0,0
45903,0,1,80,8,10,10,4,0,0,0
36273,1,0,80,3,30,2,6,0,0,0
70777,0,1,80,35,113,7,3,0,0,0
17148,1,0,80,9,11,10,8,0,0,0
66476,0,1,80,28,152,9,4,0,0,0
45057,1,0,80,0,7,0,5,0,0,0
41120,1,1,80,2,23,8,6,0,0,0
51381.5,0,0,80,11,50,2,2,0,0,0
19485,2,0,80,0,4,0,7,0,0,0
21840,1,0,80,0,9,0,9,0,0,0
41473,1,0,80,8,20,3,7,0,0,0
31395,1,1,80,1,25,8,6,0,0,0
68117,0,1,80,44,215,17,6,0,0,1
47682,0,1,80,61,83,57,5,0,0,0
83151,0,0,80,147,842,42,2,1,0,1
58086,0,1,80,7,62,0,8,0,0,0
84460,0,0,80,27,103,54,5,1,1,1
66565,0,1,80,10,161,40,8,0,0,0
23910,1,0,80,12,18,1,7,0,0,0
35893,1,1,80,0,23,0,8,0,0,0
71128,1,0,80,159,447,0,7,0,0,0
38683,1,0,80,35,69,41,7,0,0,0
37150,1,0,80,37,64,34,7,0,0,0
61064,0,1,80,126,342,45,6,0,0,0
51650,0,1,81,3,22,5,5,0,0,0
55249,0,1,81,1,19,0,3,0,0,0
46854,1,1,81,1,79,1,8,0,0,1
14421,0,0,81,0,2,3,5,0,0,0
54132,0,1,81,1,8,0,7,0,0,0
153924,0,0,81,1,1,1,0,0,0,0
64813,1,0,81,0,124,97,5,0,0,0
61872,0,1,81,5,159,27,4,0,0,0
58025,0,1,81,31,88,48,4,0,0,0
83790,0,0,81,16,417,48,3,0,0,0
34350,1,0,81,3,15,1,7,0,0,0
33438,1,1,81,1,16,2,5,0,0,0
21955,1,0,81,1,7,14,6,0,0,0
60491,0,1,81,47,237,19,5,0,0,0
59304,0,1,81,61,428,51,5,0,0,0
34421,1,0,81,3,7,2,7,0,0,0
34421,1,0,81,3,7,2,7,0,0,0
51411,1,2,81,0,3,0,5,0,0,0
71964,0,0,81,51,932,34,3,0,0,0
64504,1,2,81,36,168,0,7,0,0,1
49678,0,1,81,5,56,2,7,0,0,0
60482,0,1,81,43,134,14,7,0,0,0
55260,0,1,81,8,53,0,6,0,0,0
67369,0,1,81,0,70,14,4,0,0,1
47175,1,1,81,2,44,2,8,0,0,1
68743,0,0,81,134,384,134,7,0,0,0
56937,1,0,81,8,125,8,6,0,0,1
83033,1,0,82,99,431,149,5,1,0,0
37697,1,0,82,6,21,4,6,0,0,0
37697,1,0,82,6,21,4,6,0,0,0
44689,1,1,82,0,5,0,7,0,0,0
23162,1,1,82,3,9,4,6,0,0,0
63033,0,0,82,61,480,112,2,0,0,0
40304,1,0,82,0,17,0,7,0,0,0
40059,1,0,82,29,92,10,8,0,0,0
80067,0,0,82,17,813,173,2,0,0,0
36038,1,0,82,0,15,2,6,0,0,0
51381.5,1,0,82,0,15,2,6,0,0,0
40521,1,1,82,0,5,0,5,0,0,0
66334,0,1,82,11,218,0,5,0,0,1
11012,1,0,82,3,26,1,9,0,0,0
31615,1,0,82,3,20,11,7,0,0,0
51381.5,1,1,82,1,16,0,8,0,0,0
69098,0,0,82,22,780,0,5,0,0,0
70792,0,0,82,45,654,11,3,0,0,0
17688,1,0,82,2,1,1,8,0,0,0
25443,1,0,82,4,3,9,8,0,0,0
57091,0,1,82,0,24,0,7,0,0,1
24336,1,0,82,6,2,2,7,0,0,0
51111,1,1,83,0,19,5,6,0,0,0
44503,1,1,83,1,8,0,6,0,0,0
56850,0,1,83,1,19,7,2,0,0,0
66582,0,0,83,25,420,38,1,0,0,0
23148,0,0,83,6,8,3,7,0,0,0
82224,0,0,83,26,360,31,3,1,0,0
61917,1,1,83,4,36,2,5,0,0,0
43482,2,1,83,1,32,3,6,0,0,0
68274,1,1,83,25,51,25,3,0,0,0
42373,1,1,83,5,61,8,5,0,0,0
51381.5,0,1,83,0,22,0,6,0,0,0
57537,1,0,83,56,139,8,4,0,0,0
80995,0,1,83,28,409,56,4,0,0,0
30992,1,0,83,0,14,3,7,0,0,0
30992,1,0,83,0,14,3,7,0,0,0
78642,0,1,83,0,322,35,6,0,0,0
74268,0,0,83,66,315,174,2,0,0,0
75072,0,1,83,34,309,22,3,0,0,0
56253,0,1,83,0,65,11,6,0,0,0
59925,0,1,83,21,176,21,6,0,0,0
62807,0,1,83,28,135,21,5,0,0,0
62807,0,1,83,28,135,21,5,0,0,0
23626,1,0,84,2,14,0,5,0,0,0
46106,1,1,84,0,8,0,6,0,0,0
81168,0,0,84,0,592,22,3,1,0,0
27244,1,0,84,5,17,24,7,0,0,0
26091,1,1,84,10,19,17,5,0,0,0
26091,1,1,84,10,19,17,5,0,0,0
43142,1,1,84,1,7,1,7,0,0,0
38232,1,1,84,5,28,6,5,0,0,0
92533,0,0,84,21,118,147,2,1,0,0
63285,0,0,84,124,249,38,3,0,0,0
38946,0,1,84,6,82,6,5,0,0,0
38946,0,1,84,6,82,6,5,0,0,0
40233,0,1,84,4,46,17,6,0,0,0
46831,1,1,84,2,10,4,4,0,0,0
67605,0,0,84,28,282,54,1,0,0,0
70379,0,1,84,25,142,67,4,0,0,0
77297,0,0,84,61,109,122,4,1,0,0
55759,0,1,84,0,85,7,8,0,0,0
58217,2,1,84,1,13,5,6,0,0,0
51369,0,1,84,7,79,11,8,0,0,0
51369,0,1,84,7,79,11,8,0,0,0
91249,0,0,84,27,119,108,4,1,1,1
52513,0,0,84,17,241,188,7,0,0,0
44159,1,0,85,2,62,13,5,0,0,0
76081,0,0,85,30,415,33,2,1,0,0
76081,0,0,85,30,415,33,2,1,0,0
39996,1,1,85,0,3,0,6,0,0,0
55012,0,1,85,0,65,0,5,0,0,0
77457,0,0,85,11,400,45,1,0,0,0
80695,0,0,85,129,984,37,2,0,0,0
71866,0,1,85,178,178,39,3,0,0,0
73450,0,0,85,51,415,69,3,1,0,0
55614,0,0,85,13,131,0,7,0,0,0
156924,0,0,85,1,2,1,0,0,0,0
30753,1,1,85,5,25,9,5,0,0,0
54603,1,1,85,13,46,2,7,0,0,0
22280,1,0,85,1,4,1,8,0,0,0
59385,1,1,85,0,10,4,5,0,0,0
76998,0,1,85,89,161,35,6,0,0,0
80573,0,0,85,138,430,92,2,0,0,0
80573,0,0,85,138,430,92,2,0,0,0
24711,0,0,86,7,25,3,7,0,0,0
38829,0,1,86,0,7,0,5,0,0,0
71466,0,0,86,12,546,182,1,0,0,0
28839,1,1,86,0,7,0,5,0,0,0
53790,0,2,86,42,127,5,6,0,0,0
73705,0,2,86,91,520,107,5,0,0,0
22448,1,0,86,1,8,2,3,0,0,0
12571,1,0,86,5,14,12,6,0,0,0
73113,0,0,86,19,154,9,2,0,0,0
35765,1,0,86,3,30,5,6,0,0,0
46734,1,2,86,1,39,1,6,0,0,0
66313,0,1,86,7,99,22,4,0,0,0
68148,0,0,86,66,408,57,2,0,0,0
44393,1,1,86,2,20,2,4,0,0,0
38197,1,0,86,0,11,1,5,0,0,0
51012,0,0,86,9,63,9,6,0,0,0
51012,0,0,86,9,63,9,6,0,0,0
13672,1,1,86,2,9,1,8,0,0,0
41452,1,1,86,0,3,0,7,0,0,0
42081,1,0,86,10,110,6,6,0,0,0
14906,0,0,86,7,14,16,7,0,0,0
33812,1,0,86,17,19,24,6,0,0,0
46098,1,1,86,0,27,0,8,0,0,0
46098,1,1,86,0,27,0,8,0,0,0
46098,1,1,86,0,27,0,8,0,0,1
53230,0,1,86,72,98,21,5,0,0,0
88420,0,0,87,153,612,95,1,1,0,0
39548,1,1,87,4,10,4,3,0,0,0
61278,0,1,87,3,28,6,6,0,0,0
81246,0,0,87,190,537,156,1,1,0,0
58330,0,1,87,53,213,98,4,0,0,0
58330,0,1,87,53,213,98,4,0,0,0
65777,0,0,87,32,435,32,1,0,0,0
70829,1,1,87,70,106,19,3,0,0,0
51381.5,0,0,87,37,359,28,1,0,0,0
59247,0,2,87,9,122,14,6,0,0,0
25930,1,1,87,1,2,0,7,0,0,0
54753,0,1,87,107,227,59,4,0,0,0
28440,1,0,87,1,24,0,8,0,0,0
23559,1,0,87,5,19,0,7,0,0,0
62335,0,1,87,131,217,6,2,0,0,0
63777,1,1,87,5,106,17,8,0,0,0
59666,1,1,87,53,178,17,8,0,0,0
50965,0,1,87,13,85,6,8,0,0,0
71488,0,0,87,33,124,28,1,0,0,0
72228,0,0,87,28,491,14,3,0,0,0
46231,2,1,87,2,55,5,9,0,0,0
75702,0,1,87,0,629,37,6,0,0,0
43300,0,1,87,3,52,1,8,0,0,1
78618,0,0,87,163,818,163,2,0,0,0
51381.5,1,1,87,4,12,2,5,0,0,0
29760,1,0,87,4,68,5,8,0,0,0
29760,1,0,87,4,68,5,8,0,0,0
50127,0,1,88,0,21,6,6,0,0,0
29604,1,0,88,6,13,6,9,0,0,0
49413,0,1,88,7,41,2,5,0,0,0
51876,0,0,88,27,102,48,1,0,0,0
45837,1,1,88,13,87,17,7,0,0,0
85696,0,0,88,76,395,0,1,0,0,1
85696,0,0,88,76,395,0,1,0,0,1
59432,0,1,88,25,265,19,5,0,0,0
43185,0,1,88,6,42,6,8,0,0,0
60631,1,1,88,6,65,6,7,0,0,0
20559,1,0,88,1,29,0,8,0,0,0
50898,1,1,88,28,242,114,5,0,0,0
73807,0,1,88,124,156,78,2,0,0,0
14661,0,0,88,1,11,2,6,0,0,0
36807,1,1,88,2,5,0,6,0,0,0
46772,0,1,88,104,189,151,8,0,0,0
81574,0,0,89,0,465,35,1,0,0,0
30772,1,1,89,2,4,1,6,0,0,0
46377,1,0,89,0,46,3,4,0,0,0
78128,0,1,89,24,230,24,3,0,0,0
83443,0,0,89,42,742,56,2,0,0,0
50523,1,1,89,4,24,7,6,0,0,0
47009,0,1,89,45,73,10,4,0,0,0
37054,1,1,89,1,6,1,7,0,0,0
32011,1,0,89,0,15,1,7,0,0,0
82122,0,0,89,22,350,25,1,0,0,0
70300,1,0,89,61,338,46,8,0,0,0
21024,0,0,89,4,18,2,7,0,0,0
34916,2,0,89,23,82,0,9,0,0,0
27943,1,1,89,1,16,1,8,0,0,0
39791,0,1,89,15,27,13,7,0,0,0
62745,0,1,89,21,464,10,5,0,0,0
18589,0,0,89,4,25,12,7,0,0,0
85606,0,1,89,42,864,30,3,1,0,0
26997,0,0,89,23,78,49,7,0,0,0
82332,0,0,89,59,968,79,2,0,0,1
38853,1,1,90,0,14,0,7,0,0,0
27071,1,0,90,3,19,2,6,0,0,0
90933,0,0,90,31,430,63,1,0,0,0
65814,0,1,90,14,113,14,5,0,0,0
74250,0,0,90,11,392,0,1,0,0,0
33181,1,0,90,0,3,0,6,0,0,0
45006,0,0,90,25,53,0,3,0,0,0
42315,0,1,90,15,80,11,3,0,0,0
48699,1,1,90,1,10,0,5,0,0,0
59111,0,0,90,0,134,28,7,0,0,0
48726,0,1,90,3,38,0,6,0,0,0
37244,1,1,90,2,10,0,7,0,0,0
74854,1,2,90,59,487,29,5,0,0,0
60896,0,1,90,30,399,46,6,0,0,1
67546,0,0,90,134,768,38,3,0,0,0
67546,0,0,90,134,768,38,3,0,0,0
46923,1,0,90,44,54,78,7,0,0,0
38988,1,2,90,24,103,3,8,0,0,0
49118,0,0,90,54,239,98,7,0,1,1
27683,1,0,90,9,121,12,8,0,0,0
39190,1,0,91,8,18,8,5,0,0,0
56981,0,0,91,48,217,12,6,0,0,0
23228,1,0,91,3,49,4,8,0,0,0
90000,0,0,91,144,133,192,1,1,0,0
55707,0,1,91,7,82,66,3,0,0,0
9255,1,0,91,0,7,0,8,0,0,0
42997,1,1,91,0,5,1,7,0,0,0
71232,0,1,91,17,170,26,7,0,0,0
57744,0,1,91,3,39,0,8,0,0,0
33585,0,1,91,11,33,6,4,0,0,0
46891,0,1,91,12,23,15,4,0,0,0
46891,0,1,91,12,23,15,4,0,0,0
50387,0,2,91,9,87,14,5,0,0,0
76653,0,0,91,63,946,189,2,1,0,0
76542,0,0,91,73,573,29,2,0,0,0
76995,0,1,91,80,498,16,5,1,0,0
38415,1,1,91,1,13,0,7,0,0,0
22304,0,0,91,2,7,4,8,0,0,0
75127,0,0,92,35,305,17,1,0,0,0
75127,0,0,92,35,305,17,1,0,0,0
39722,0,1,92,0,5,0,5,0,0,0
7144,0,2,92,4,33,2,0,0,0,0
39771,1,0,92,2,18,8,4,0,0,0
42618,1,0,92,14,74,5,8,0,0,0
51518,0,1,92,8,66,4,3,0,0,0
74716,0,1,92,27,421,195,4,0,0,0
33955,1,0,92,2,128,7,8,0,0,0
45736,0,1,92,3,180,3,7,0,0,0
31632,0,0,92,8,12,15,7,0,0,0
60093,0,1,92,12,109,6,6,0,0,0
30822,1,0,92,9,13,12,7,0,0,0
41728,1,0,92,6,15,5,10,0,0,0
80739,0,0,92,92,736,0,1,0,0,0
49767,0,0,92,47,197,42,4,0,0,0
34445,0,0,92,122,122,129,9,0,0,0
67046,0,1,92,35,133,151,2,0,0,0
73538,0,1,92,76,428,137,7,0,0,0
80398,0,0,92,51,936,35,3,0,0,0
52973,0,1,92,0,76,9,8,0,0,0
38998,1,1,92,1,14,0,8,0,0,0
38998,1,1,92,1,14,0,8,0,0,0
26490,0,0,92,47,52,20,6,0,0,0
26490,0,0,92,47,52,20,6,0,0,0
23331,1,0,92,36,7,10,8,0,0,0
60544,1,1,92,2,43,5,6,0,0,0
60544,1,1,92,2,43,5,6,0,0,0
49269,1,0,92,8,166,8,7,0,0,0
27203,1,1,92,2,21,0,8,0,0,0
45204,1,0,93,11,25,1,3,0,0,0
67023,0,0,93,44,382,8,2,0,0,0
77583,0,0,93,23,384,12,2,1,0,0
76630,0,0,93,31,446,56,1,0,0,0
47353,0,1,93,2,19,8,5,0,0,0
48920,0,2,93,17,68,10,7,0,0,0
67472,0,1,93,31,127,17,3,0,0,0
64100,0,1,93,0,27,0,7,0,0,0
38872,1,0,93,3,21,19,8,0,0,0
72217,0,0,93,42,450,56,2,0,0,0
15038,1,0,93,8,11,12,9,0,0,0
13624,1,0,93,2,15,1,6,0,0,0
42554,1,1,93,1,11,0,4,0,0,0
71952,1,0,93,80,455,107,4,0,0,0
71952,1,0,93,80,455,107,4,0,0,0
78041,0,0,93,35,553,160,2,0,0,0
63972,0,1,93,63,254,12,4,0,0,0
52852,0,1,93,8,99,0,8,0,0,0
62010,0,1,93,22,39,0,5,0,0,0
83151,0,0,93,28,100,74,3,0,0,0
77870,0,1,93,50,500,50,8,1,0,1
46931,2,1,94,0,17,1,3,0,0,0
85072,0,0,94,92,391,11,0,0,0,0
73395,0,0,94,7,80,7,2,0,0,0
62307,0,1,94,13,34,6,5,0,0,0
58293,1,0,94,43,118,27,5,0,0,0
47889,1,0,94,0,29,5,5,0,0,0
24594,1,0,94,3,6,0,5,0,0,0
24594,1,0,94,3,6,0,5,0,0,0
69882,0,0,94,127,635,127,1,0,0,0
24221,0,0,94,9,9,5,4,0,0,0
22327,1,0,94,4,8,0,5,0,0,0
61923,0,2,94,4,18,3,3,0,0,0
35791,2,1,94,0,5,0,8,0,0,0
35791,2,1,94,0,5,0,8,0,0,0
91172,0,0,94,28,818,28,3,1,1,1
35441,1,1,94,1,9,1,8,0,0,0
19656,1,0,94,4,9,8,7,0,0,0
7500,0,0,94,2,3,1,6,0,0,0
71626,0,0,94,72,376,145,3,0,0,0
75330,1,1,94,82,257,61,6,0,0,0
34529,1,0,94,6,38,6,7,0,0,0
48789,0,0,94,16,156,5,6,0,0,0
34487,1,1,94,18,33,1,9,0,0,0
35688,2,1,94,3,90,1,8,0,0,0
35688,2,1,94,3,90,1,8,0,0,0
53700,0,1,94,5,233,41,5,0,0,0
73454,0,0,95,73,351,14,5,0,0,0
71113,0,1,95,33,255,33,4,0,0,0
51381.5,0,1,95,0,21,6,7,0,0,0
31535,1,0,95,4,13,0,7,0,0,0
80812,0,0,95,22,500,143,2,1,0,0
40479,1,0,95,0,8,0,4,0,0,0
29440,1,1,95,8,14,4,7,0,0,0
38508,1,0,95,19,206,19,8,0,0,0
69520,0,0,95,120,414,80,5,0,0,0
18701,1,1,95,4,2,6,5,0,0,0
18701,1,1,95,4,2,6,5,0,0,0
69901,0,1,95,21,206,92,5,0,0,0
47703,0,1,95,0,134,26,5,0,0,0
86037,0,0,95,44,125,20,3,0,0,1
71847,0,0,95,21,106,63,3,1,0,0
42033,1,1,95,1,4,0,7,0,0,0
51983,0,1,95,0,115,7,7,0,0,0
68655,0,0,95,19,832,118,3,0,0,0
68655,0,0,95,19,832,118,3,0,0,0
38285,2,1,96,0,5,0,2,0,0,0
79419,0,0,96,127,687,15,2,0,0,0
57338,0,1,96,6,52,8,5,0,0,0
42523,0,0,96,36,11,26,2,0,0,0
42523,0,0,96,36,11,26,2,0,0,0
31761,1,0,96,1,20,14,5,0,0,0
65747,0,1,96,17,48,13,6,0,0,0
17144,1,1,96,2,19,2,7,0,0,0
17144,1,1,96,2,19,2,7,0,0,0
51381.5,2,1,96,5,48,10,6,0,0,0
84618,0,0,96,100,801,66,2,0,0,0
84618,0,0,96,100,801,66,2,0,0,0
66375,0,1,96,0,45,0,7,0,0,0
42213,0,1,96,3,24,3,7,0,0,0
51381.5,0,1,96,65,196,71,4,0,0,0
51141,0,0,96,0,7,0,5,0,0,0
15072,2,0,96,2,15,10,5,0,0,0
7500,1,0,96,11,5,6,8,0,0,0
17117,1,0,96,23,38,18,9,0,0,0
59754,0,1,96,27,44,146,5,0,0,1
65569,0,1,96,46,288,38,3,0,0,0
28457,0,0,96,1,108,29,8,0,0,0
86857,0,0,96,102,838,102,2,0,0,1
86857,0,0,96,102,838,102,2,0,0,1
68142,0,1,96,126,196,112,6,0,0,0
48794,1,1,97,0,11,0,4,0,0,0
63404,0,2,97,26,70,44,4,1,0,0
49669,1,0,97,5,107,8,6,0,0,0
55761,0,1,97,1,12,3,6,0,0,0
78331,0,1,97,138,354,169,4,0,0,0
37971,1,0,97,4,10,2,8,0,0,0
30368,0,1,97,0,13,0,8,0,0,0
34043,1,0,97,2,14,0,9,0,0,0
54111,0,1,97,6,54,3,5,0,0,0
69932,0,1,97,172,153,105,4,0,0,0
39665,1,0,97,1,56,1,7,0,0,0
93404,1,2,97,15,287,0,5,0,0,0
38680,1,0,97,0,36,5,7,0,0,0
24570,1,0,97,34,62,14,9,0,0,0
77766,0,1,97,59,265,59,6,0,0,1
77766,0,1,97,59,265,59,6,0,0,1
64961,0,1,97,114,276,124,3,0,0,0
23748,1,0,97,6,29,15,8,0,0,0
45989,0,1,97,33,87,24,3,0,0,0
23331,1,0,97,20,101,15,9,0,0,0
70421,0,1,98,28,136,14,6,0,0,0
23091,1,1,98,0,11,0,7,0,0,0
24683,1,0,98,4,10,7,5,0,0,0
157243,0,1,98,2,1582,2,0,0,0,0
54222,0,1,98,12,31,12,3,0,0,0
73455,0,0,98,61,757,163,3,0,0,0
84906,0,0,98,15,414,30,2,0,1,0
84906,0,0,98,15,414,30,2,0,1,0
47025,0,1,98,11,59,5,9,0,0,0
44529,0,1,98,13,91,6,5,0,0,0
31560,1,0,98,1,20,0,8,0,0,0
90687,0,0,98,17,672,34,2,0,0,1
66973,0,0,98,22,432,113,3,0,0,0
41154,0,1,98,2,11,3,5,0,0,0
64590,0,0,98,138,168,46,6,0,0,0
50611,0,1,98,0,24,0,6,0,0,1
50611,0,1,98,0,24,0,6,0,0,0
83273,1,2,98,89,650,102,7,0,0,0
81702,0,0,98,50,774,31,3,0,0,0
24401,0,0,98,28,217,24,8,0,0,0
42557,0,1,98,5,53,5,8,0,0,0
7500,1,0,98,17,17,14,9,0,0,0
78416,0,1,99,38,279,38,3,0,0,0
44794,0,1,99,0,7,0,6,0,0,0
44794,0,1,99,0,7,0,6,0,0,0
69719,0,0,99,86,208,14,1,0,0,0
62568,0,1,99,17,398,35,4,1,0,0
42231,1,1,99,0,8,1,5,0,0,0
20130,0,0,99,6,3,6,8,0,0,0
20130,0,0,99,6,3,6,8,0,0,0
42429,0,1,99,0,6,0,5,0,0,0
42429,0,1,99,0,6,0,5,0,0,0
36640,1,0,99,6,8,4,5,0,0,0
78901,0,1,99,11,309,26,4,0,0,0
66476,0,1,99,18,126,48,4,0,0,0
31056,1,0,99,10,13,8,8,0,0,0
46310,1,0,99,2,88,5,8,0,0,0
65819,0,0,99,38,701,165,3,0,0,0
94871,0,2,99,24,553,0,7,0,0,1
